Tramo,Año,Descripción,Unidad,Fecha,Inicio (km),Fin (km),Metrado
km 122+750 - 123+100,2018,Limpieza de carril/pista y bermas T2,m2,2018-01-01,30+000,140+000,35
km 122+750 - 123+100,2018,Limpieza Manual de Cabezal de Alcantarilla T2,ml,2018-01-08,116+250,162+260,30
km 122+750 - 123+100,2018,Desbroce Manual T2,m2,2018-01-11,116+600,166+700,200
km 122+750 - 123+100,2018,Limpieza Manual de Cuneta de Vía T2,ml,2018-02-21,122+000,123+000,450
km 122+750 - 123+100,2018,Desbroce Manual T2,m2,2018-02-21,122+150,123+315,650
km 122+750 - 123+100,2018,Limpieza Manual de Cuneta de Vía T2,ml,2018-02-21,123+000,123+315,280
km 122+750 - 123+100,2018,Limpieza de Deslizamientos Menores < 15 m3 T2,m3,2018-03-24,123+048,123+050,2
km 122+750 - 123+100,2018,Limpieza Manual de Cuneta de Vía T2,ml,2018-03-27,31+650,131+700,50
km 122+750 - 123+100,2018,Limpieza Manual de Cuneta de Vía T2,ml,2018-04-25,122+100,122+950,700
km 122+750 - 123+100,2018,Limpieza de carril/pista y bermas T2,m2,2018-04-26,116+000,124+900,8900
km 122+750 - 123+100,2018,Limpieza de carril/pista y bermas T2,m2,2018-07-07,109+200,198+400,30
km 122+750 - 123+100,2018,Limpieza Manual de Cuneta de Vía T2,ml,2018-09-11,122+900,123+400,200
km 122+750 - 123+100,2018,Limpieza manual de juntas de cuneta de vía,ml,2018-09-11,122+900,123+400,226.66666666666666
km 122+750 - 123+100,2018,Repintado de Delineador T2,und,2018-09-18,122+720,124+000,9
km 122+750 - 123+100,2018,Limpieza de Postes de Señalización Vertical T2,und,2018-09-18,122+720,124+000,9
km 122+750 - 123+100,2018,Limpieza Manual de Cuneta de Vía T2,ml,2018-09-27,122+300,122+900,400
km 122+750 - 123+100,2019,Limpieza Manual de Cuneta de Vía T2,ml,2018-12-29,123+000,123+100,100
km 122+750 - 123+100,2019,Remocion de Derrumbes T2,m3,2019-03-19,76+980,770+000,300
km 122+750 - 123+100,2019,Limpieza Manual de Cuneta de Vía T2,ml,2019-05-17,122+100,123+350,1100
km 122+750 - 123+100,2019,Limpieza de juntas en cunetas y berma,ml,2019-05-17,122+100,123+350,623.3333333333334
km 122+750 - 123+100,2019,Desbroce Manual T2,m2,2019-05-17,122+100,123+350,900
km 122+750 - 123+100,2019,Desbroce Manual T2,m2,2019-05-17,123+100,123+200,300
km 122+750 - 123+100,2019,Desbroce Manual T2,m2,2019-05-28,123+100,123+200,100
km 122+750 - 123+100,2019,#N/A,#N/A,2019-06-20,123+000,124+000,100
km 122+750 - 123+100,2019,Reparación de Bache Superficial T2,m2,2019-06-25,122+799,122+799,0.04000000000000001
km 122+750 - 123+100,2019,Reparación de Bache Superficial T2,m2,2019-06-25,122+837,122+837,0.04000000000000001
km 122+750 - 123+100,2019,Reparación de Bache Superficial T2,m2,2019-06-25,122+857,122+857,0.04000000000000001
km 122+750 - 123+100,2019,Reparación de Bache Superficial T2,m2,2019-06-25,122+920,122+920,0.04000000000000001
km 122+750 - 123+100,2019,Reparación de Bache Superficial T2,m2,2019-06-25,122+924,122+924,0.04000000000000001
km 122+750 - 123+100,2019,Reposición de Tachas Reflectivas T2,und,2019-06-27,122+000,123+000,36
km 122+750 - 123+100,2019,Limpieza de carril/pista y bermas T2,m2,2019-07-10,122+700,122+800,100
km 122+750 - 123+100,2019,Limpieza de carril/pista y bermas T2,m2,2019-07-10,122+800,122+900,100
km 122+750 - 123+100,2019,Limpieza de carril/pista y bermas T2,m2,2019-07-10,122+900,123+000,100
km 122+750 - 123+100,2019,Limpieza Manual de Cuneta de Vía T2,ml,2019-08-22,116+000,1116+620,150
km 122+750 - 123+100,2019,Limpieza Manual de Cuneta de Vía T2,ml,2019-12-04,114+500,214+600,100
km 122+750 - 123+100,2019,Limpieza Manual de Cuneta de Vía T2,ml,2019-12-25,122+800,122+806,6
km 122+750 - 123+100,2020,Limpieza de Deslizamientos Menores < 15 m3 T2,m3,2019-12-29,64+150,646+160,10
km 122+750 - 123+100,2020,Limpieza Manual de Cuneta de Vía T2,ml,2020-01-02,120+900,130+020,50
km 122+750 - 123+100,2020,Limpieza Manual de Cuneta de Vía T2,ml,2020-01-18,122+700,123+700,500
km 122+750 - 123+100,2020,Limpieza de Juntas en Cuneta y Berma,ml,2020-01-18,122+700,123+400,396.6666666666667
km 122+750 - 123+100,2020,Reposición de Tachas Reflectivas T2,und,2020-01-23,42+000,434+000,27
km 122+750 - 123+100,2020,Reposición de Tachas Reflectivas T2,und,2020-01-23,42+000,434+000,26
km 122+750 - 123+100,2020,Limpieza Manual de Zanjas de Coronación T2,ml,2020-03-09,120+330,130+585,25
km 122+750 - 123+100,2020,Limpieza de Juntas en Cunetas y Bermas,ml,2020-10-05,122+200,122+800,700
km 122+750 - 123+100,2020,Limpieza Manual de Cuneta de Vía T2,ml,2020-10-05,122+200,122+800,700
km 122+750 - 123+100,2020,Limpieza Manual de Cuneta de Vía T2,ml,2020-10-05,122+700,122+810,110
km 122+750 - 123+100,2020,Limpieza de Juntas en Cunetas y Bermas,ml,2020-10-15,122+950,123+450,283.3333333333333
km 122+750 - 123+100,2020,Limpieza Residuos Solidos / Basuras,m2,2020-10-15,122+950,123+450,250
km 122+750 - 123+100,2020,Limpieza de carril/pista y bermas T2,m2,2020-10-15,122+952,123+200,248
km 122+750 - 123+100,2020,Desbroce Manual T2,m2,2020-10-15,123+000,123+500,1350
km 122+750 - 123+100,2020,Limpieza Manual de Cuneta de Vía T2,ml,2020-10-19,22+530,222+600,70
km 122+750 - 123+100,2020,Limpieza Manual de Cuneta de Vía T2,ml,2020-11-17,122+000,123+000,450
km 122+750 - 123+100,2020,Limpieza de Juntas en Cunetas y Bermas,ml,2020-11-17,122+000,123+000,255
km 122+750 - 123+100,2020,Limpieza de Guardavías T2,ml,2020-11-17,122+633,122+875,242
km 122+750 - 123+100,2020,Reparación Parcial de Guarda Vías T2,ml,2020-11-26,122+635,122+784,4
km 122+750 - 123+100,2020,Limpieza Manual de Cuneta de Vía T2,ml,2020-12-08,122+600,122+800,200
km 122+750 - 123+100,2020,Limpieza Manual de Cuneta de Vía T2,ml,2020-12-09,121+520,124+524,4
km 122+750 - 123+100,2020,Limpieza de Juntas en Cunetas y Bermas,ml,2020-12-09,121+520,124+524,2.2666666666666666
km 122+750 - 123+100,2020,Limpieza de Juntas en Cunetas y Bermas,ml,2020-12-10,25+305,169+500,85
km 122+750 - 123+100,2020,Limpieza Manual de Cuneta de Vía T2,ml,2020-12-10,25+320,171+500,5
km 122+750 - 123+100,2020,Limpieza de Juntas en Cunetas y Bermas,ml,2020-12-10,25+750,168+400,25.5
km 122+750 - 123+100,2021,Limpieza de Juntas en Cunetas y Bermas,ml,2021-02-10,120+000,124+700,198.33333333333334
km 122+750 - 123+100,2021,Limpieza Manual de Cuneta de Vía T2,ml,2021-02-22,122+000,123+040,750
km 122+750 - 123+100,2021,Limpieza Residuos Solidos / Basuras,m2,2021-02-22,122+000,123+000,120
km 122+750 - 123+100,2021,Limpieza de Juntas en Cunetas y Bermas,ml,2021-02-22,122+100,123+040,283.3333333333333
km 122+750 - 123+100,2021,Desbroce Manual T2,m2,2021-03-03,121+500,192+000,3000
km 122+750 - 123+100,2021,Repintado de Postes de Señalización Vertical T2,m2,2021-03-08,119+000,180+000,6.24
km 122+750 - 123+100,2021,Limpieza de Postes de Señalización Vertical T2,und,2021-03-08,119+000,180+000,4
km 122+750 - 123+100,2021,Limpieza Manual de Cuneta de Vía T2,ml,2021-03-08,123+090,123+280,160
km 122+750 - 123+100,2021,Limpieza de Juntas en Cunetas y Bermas,ml,2021-03-08,123+090,123+250,90.66666666666667
km 122+750 - 123+100,2021,Limpieza Manual de Cuerpo de Alcantarilla T2,ml,2021-04-05,17+248,172+498,8
km 122+750 - 123+100,2021,Limpieza Manual de Cuneta de Vía T2,ml,2021-04-16,102+000,162+000,100
km 122+750 - 123+100,2021,Limpieza Manual de Cuneta de Vía T2,ml,2021-05-10,122+890,122+900,10
km 122+750 - 123+100,2021,Limpieza Residuos Solidos / Basuras,m2,2021-06-14,122+000,123+050,180
km 122+750 - 123+100,2021,Limpieza Manual de Cuneta de Vía T2,ml,2021-06-14,122+720,122+800,80
km 122+750 - 123+100,2021,Limpieza Manual de Cuneta de Vía T2,ml,2021-06-14,122+800,122+920,120
km 122+750 - 123+100,2021,Limpieza Manual de Cuneta de Vía T2,ml,2021-06-14,122+920,123+050,130
km 122+750 - 123+100,2021,Pintura Chevron Guarda Vías T2,m2,2021-06-14,14+125,142+245,4
km 122+750 - 123+100,2021,Limpieza de Guardavías T2,ml,2021-06-14,14+125,142+245,80
km 122+750 - 123+100,2021,Desbroce Manual T2,m2,2021-06-24,19+600,196+900,50
km 122+750 - 123+100,2021,Reposición de Cuneta,ml,2021-07-14,120+125,125+160,6
km 122+750 - 123+100,2021,Repintado de delineador T2,und,2021-07-26,122+700,122+775,13
km 122+750 - 123+100,2021,Limpieza de Delineador T2,und,2021-07-26,122+700,122+775,13
km 122+750 - 123+100,2021,Limpieza de carril/pista y bermas T2,m2,2021-07-26,122+740,122+780,144
km 122+750 - 123+100,2021,Limpieza Residuos Sólidos / Basuras,m2,2021-09-16,122+885,122+915,30
km 122+750 - 123+100,2021,Limpieza Manual de Cuneta de Vía T2,ml,2021-10-11,122+598,122+952,354
km 122+750 - 123+100,2021,Limpieza Manual de Cuneta de Vía T2,ml,2021-10-11,122+952,122+995,43
km 122+750 - 123+100,2021,Limpieza Manual de Cuneta de Vía T2,ml,2021-10-11,123+025,123+100,75
km 122+750 - 123+100,2021,Limpieza Manual de Cuneta de Vía T2,ml,2021-10-11,123+100,123+200,100
km 122+750 - 123+100,2021,Limpieza de carril/pista y bermas T2,m2,2021-11-20,116+700,166+800,50
km 122+750 - 123+100,2021,Limpieza Residuos Sólidos / Basuras,m2,2021-12-16,122+000,123+000,120
km 122+750 - 123+100,2021,Limpieza Manual de Cuneta de Vía T2,ml,2021-12-20,122+880,122+881,1
km 122+750 - 123+100,2022,Limpieza Residuos Sólidos / Basuras,m2,2021-12-26,111+600,214+630,30
km 122+750 - 123+100,2022,Limpieza mecanizada de cabezal de alcantarilla T2,m3,2022-01-07,122+780,122+803,4
km 122+750 - 123+100,2022,Desbroce Manual T2,m2,2022-01-07,122+860,122+880,60
km 122+750 - 123+100,2022,Limpieza de Deslizamientos Menores < 15 m3 T2,m3,2022-01-09,12+500,126+000,12
km 122+750 - 123+100,2022,Limpieza de carril/pista y bermas T2,m2,2022-01-21,120+900,129+999,99
km 122+750 - 123+100,2022,Limpieza de carril/pista y bermas T2,m2,2022-01-21,120+900,129+999,99
km 122+750 - 123+100,2022,Limpieza de Deslizamientos Menores < 15 m3 T2,m3,2022-02-09,21+100,214+150,15
km 122+750 - 123+100,2022,Limpieza Manual de Cuneta de Vía T2,ml,2022-02-21,123+000,123+100,100
km 122+750 - 123+100,2022,Limpieza de Guardavías T2,ml,2022-03-25,122+950,123+190,152
km 122+750 - 123+100,2022,Limpieza de Guardavías T2,ml,2022-03-28,122+650,122+900,200
km 122+750 - 123+100,2022,Limpieza Manual de Cuneta de Vía T2,ml,2022-06-03,122+500,122+950,330
km 122+750 - 123+100,2022,Reposición de Tachas Reflectivas T2,und,2022-06-10,122+000,123+000,63
km 122+750 - 123+100,2022,Reposición de Tachas Reflectivas T2,und,2022-06-10,122+000,123+000,32
km 122+750 - 123+100,2022,Limpieza de Superfície de Concreto y Dispos. Drenaje T2,ml,2022-06-10,122+619,122+750,50
km 122+750 - 123+100,2022,Limpieza de carril/pista y bermas T2,m2,2022-06-10,122+786,122+800,30
km 122+750 - 123+100,2022,Limpieza Manual de Cuneta de Vía T2,ml,2022-06-10,122+951,122+985,34
km 122+750 - 123+100,2022,Pintura Chevron Guarda Vías T2,m2,2022-06-10,122+962,122+985,3
km 122+750 - 123+100,2022,Repintado de Postes de Señalización Vertical T2,m2,2022-06-13,113+176,137+767,7.8
km 122+750 - 123+100,2022,Limpieza Manual de Cuneta de Vía T2,ml,2022-06-14,103+200,203+400,100
km 122+750 - 123+100,2022,Repintado de delineador T2,und,2022-09-09,82+190,182+224,4
km 122+750 - 123+100,2022,Desbroce Manual T2,m2,2022-09-15,16+000,160+400,2400
km 122+750 - 123+100,2022,Limpieza Residuos Sólidos / Basuras,m2,2022-09-21,122+780,122+980,200
km 122+750 - 123+100,2023,Limpieza Manual de Cuneta de Vía T2,ml,2023-02-15,122+700,122+800,100
km 122+750 - 123+100,2023,Limpieza Manual de Cuneta de Vía T2,ml,2023-02-15,122+816,122+830,41
km 122+750 - 123+100,2023,Limpieza Manual de Cuneta de Vía T2,ml,2023-02-15,122+913,123+000,87
km 122+750 - 123+100,2023,Desbroce Manual T2,m2,2023-04-26,120+000,131+000,6000
km 122+750 - 123+100,2023,Limpieza Residuos Sólidos / Basuras,m2,2023-05-10,122+930,122+930,80
km 122+750 - 123+100,2023,Desbroce Manual T2,m2,2023-05-23,123+000,123+700,4200
km 122+750 - 123+100,2023,Limpieza Manual de Cuneta de Vía T2,ml,2023-05-23,123+000,123+700,700
km 122+750 - 123+100,2023,Repintado de Postes de (hitos) kilométricos T2,m2,2023-05-23,123+000,123+000,0.5
km 122+750 - 123+100,2023,Repintado de Parapetos Muros T2,m2,2023-05-23,123+044,123+046,2
km 122+750 - 123+100,2023,Limpieza Manual de Cuneta de Vía T2,ml,2023-05-23,123+100,123+200,100
km 122+750 - 123+100,2023,Limpieza de Placas de Señalización Vertical T2,m2,2023-07-11,45+000,146+000,0.5625
km 122+750 - 123+100,2023,Repintado de Postes de Señalización Vertical T2,m2,2023-07-12,122+000,123+000,1.56
km 122+750 - 123+100,2023,Limpieza Residuos Sólidos / Basuras,m2,2023-09-08,122+000,123+000,120
km 122+750 - 123+100,2023,Limpieza de carril/pista y bermas T2,m2,2023-09-08,122+766,122+800,34
km 122+750 - 123+100,2023,Limpieza de Delineador T2,und,2023-09-08,122+790,122+792,1
km 122+750 - 123+100,2023,Limpieza de Delineador T2,und,2023-09-08,122+875,122+876,1
km 122+750 - 123+100,2023,Limpieza de Guardavías T2,ml,2023-09-08,122+900,123+000,100
km 122+750 - 123+100,2023,Limpieza Manual de Cuneta de Vía T2,ml,2023-09-14,113+260,133+300,40
km 122+750 - 123+100,2024,Limpieza Manual de Cuneta de Vía T2,ml,2024-01-16,12+580,125+100,20
km 122+750 - 123+100,2024,Limpieza Residuos Sólidos / Basuras,m2,2024-02-08,123+000,124+000,20
km 122+750 - 123+100,2024,Limpieza Manual de Cuneta de Vía T2,ml,2024-02-08,123+030,123+100,50
km 122+750 - 123+100,2024,Limpieza Manual de Cabezal de Alcantarilla T2,ml,2024-02-08,123+044,123+046,14
km 122+750 - 123+100,2024,Limpieza Manual de Cuneta de Vía T2,ml,2024-03-11,94+730,947+776,99
km 122+750 - 123+100,2024,Limpieza Manual de Cuneta de Vía T2,ml,2024-05-15,15+120,151+215,15
km 122+750 - 123+100,2025,Limpieza de Guardavías T2,ml,2025-01-14,122+650,122+900,250
km 122+750 - 123+100,2025,Limpieza de Guardavías T2,ml,2025-02-07,122+950,123+200,250
km 122+750 - 123+100,2025,Limpieza Manual de Cuneta de Vía T2,ml,2025-02-14,122+750,122+800,20
km 122+750 - 123+100,2025,Limpieza de Postes de Señalización Vertical T2,und,2025-03-07,68+239,168+239,1
km 122+750 - 123+100,2025,Limpieza de Placas de Señalización Vertical T2,m2,2025-03-07,68+239,168+239,0.5625
km 122+750 - 123+100,2025,Limpieza Manual de Cuneta de Vía T2,ml,2025-03-17,122+200,123+600,100
km 122+750 - 123+100,2025,Limpieza de carril/pista y bermas T2,m2,2025-03-20,122+000,123+000,1000
km 122+750 - 123+100,2025,Limpieza de carril/pista y bermas T2,m2,2025-03-20,123+000,123+700,700
km 122+750 - 123+100,2025,Limpieza de carril/pista y bermas T2,m2,2025-03-24,122+900,123+000,100
km 122+750 - 123+100,2025,Limpieza Manual de Cuneta de Vía T2,ml,2025-04-03,122+870,123+020,150
km 122+750 - 123+100,2025,Reparación de Bache Superficial T2,m2,2025-04-03,122+900,122+935,4
km 122+750 - 123+100,2025,Limpieza Manual de Cuneta de Vía T2,ml,2025-04-30,123+080,123+110,30
km 122+750 - 123+100,2025,Limpieza Manual de Cabezal de Alcantarilla T2,ml,2025-05-09,120+290,129+290,12
km 122+750 - 123+100,2025,Limpieza Manual de Cuneta de Vía T2,ml,2025-05-09,123+030,128+040,10
km 122+750 - 123+100,2025,Limpieza Manual de Cabezal de Alcantarilla T2,ml,2025-05-15,13+620,130+620,12
km 122+750 - 123+100,2025,Limpieza Manual de Cabezal de Alcantarilla T2,ml,2025-05-21,123+060,123+060,14
km 122+750 - 123+100,2025,Reposición de Tachas Reflectivas T2,und,2025-06-19,122+000,123+000,35
km 122+750 - 123+100,2025,Reposición de Tachas Reflectivas T2,und,2025-06-19,123+000,124+000,20
km 122+750 - 123+100,2025,Desbroce Manual T2,m2,2025-06-26,45+330,145+460,340
km 122+750 - 123+100,2025,Pintura o Reaplicación por Aspersión T2,ml,2025-07-03,121+400,241+203,12
km 122+750 - 123+100,2025,Reposición de Tachas Reflectivas T2,und,2025-07-18,13+500,135+400,6
km 122+750 - 123+100,2025,Pintura o Reaplicación por Aspersión T2,ml,2025-08-08,112+950,133+100,30
km 122+750 - 123+100,2025,Limpieza de Superfície de Concreto y Dispos. Drenaje T2,ml,2025-08-27,114+291,124+311,40
km 122+750 - 123+100,2025,Repintado de delineador T2,und,2025-08-27,122+700,122+780,13
km 122+750 - 123+100,2025,Limpieza de carril/pista y bermas T2,m2,2025-08-27,122+700,122+780,80
km 122+750 - 123+100,2025,Repintado de delineador T2,und,2025-09-02,12+080,124+160,10
km 122+750 - 123+100,2025,Limpieza de carril/pista y bermas T2,m2,2025-09-06,123+000,124+000,500
km 122+750 - 123+100,2025,Limpieza Residuos Sólidos / Basuras,m2,2025-09-11,122+000,123+000,160
km 122+750 - 123+100,2025,Limpieza Manual de Cuneta de Vía T2,ml,2025-09-11,122+900,123+000,100
km 122+750 - 123+100,2025,Limpieza Residuos Sólidos / Basuras,m2,2025-09-23,123+060,123+085,25
km 122+750 - 123+100,2025,Desbroce Manual T2,m2,2025-10-05,28+300,128+500,1200
km 122+750 - 123+100,2025,Limpieza Residuos Sólidos / Basuras,m2,2025-11-05,122+900,133+000,100
km 122+750 - 123+100,2025,Limpieza Manual de Cuneta de Vía T2,ml,2025-11-07,123+050,123+120,70
km 122+750 - 123+100,2026,Limpieza de carril/pista y bermas T2,m2,2026-01-19,122+980,128+000,60
km 122+750 - 123+100,2026,Limpieza Manual de Cuneta de Vía T2,ml,2026-01-20,107+900,170+970,70
km 122+750 - 123+100,2026,Limpieza Manual de Cuneta de Vía T2,ml,2026-01-23,122+960,123+000,40
km 122+750 - 123+100,2026,Remocion de Derrumbes T2,m3,2026-01-23,122+980,123+000,30
km 122+750 - 123+100,2026,Limpieza de carril/pista y bermas T2,m2,2026-01-23,122+980,125+020,100
km 122+750 - 123+100,2026,Reparación de Bache Superficial T2,m2,2026-01-28,122+790,122+790,1
km 122+750 - 123+100,2026,Limpieza Residuos Sólidos / Basuras,m2,2026-02-12,122+000,123+000,150
km 122+750 - 123+100,2026,Limpieza de carril/pista y bermas T2,m2,2026-02-12,122+200,122+999,100
km 122+750 - 123+100,2026,Limpieza Manual de Cuneta de Vía T2,ml,2026-02-12,122+700,122+800,100
km 122+750 - 123+100,2026,Limpieza Manual de Cuneta de Vía T2,ml,2026-02-12,122+800,122+999,100
km 122+750 - 123+100,2026,Repintado de Parapetos Muros T2,m2,2026-02-12,122+945,122+940,12
km 125+300 - 125+500,2018,Limpieza Manual de Cuneta de Vía T2,ml,2017-12-25,125+500,127+500,50
km 125+300 - 125+500,2018,Limpieza Manual de Cuneta de Vía T2,ml,2017-12-31,124+000,127+000,200
km 125+300 - 125+500,2018,Limpieza de carril/pista y bermas T2,m2,2018-01-01,30+000,140+000,35
km 125+300 - 125+500,2018,Limpieza Manual de Cabezal de Alcantarilla T2,ml,2018-01-08,116+250,162+260,30
km 125+300 - 125+500,2018,Desbroce Manual T2,m2,2018-01-11,116+600,166+700,200
km 125+300 - 125+500,2018,Remocion de Derrumbes T2,m3,2018-01-16,125+400,125+450,72
km 125+300 - 125+500,2018,Remocion de Derrumbes T2,m3,2018-01-17,125+400,125+450,144
km 125+300 - 125+500,2018,Remocion de Derrumbes T2,m3,2018-01-18,125+400,125+450,216
km 125+300 - 125+500,2018,Remocion de Derrumbes T2,m3,2018-01-20,125+400,125+450,228
km 125+300 - 125+500,2018,Remocion de Derrumbes T2,m3,2018-01-21,125+400,125+450,108
km 125+300 - 125+500,2018,Remocion de Derrumbes T2,m3,2018-01-22,125+400,125+450,108
km 125+300 - 125+500,2018,Remocion de Derrumbes T2,m3,2018-01-24,125+400,125+450,108
km 125+300 - 125+500,2018,Limpieza Manual de Cuneta de Vía T2,ml,2018-01-26,123+700,125+650,40
km 125+300 - 125+500,2018,Limpieza Manual de Cuneta de Vía T2,ml,2018-01-30,125+450,125+550,100
km 125+300 - 125+500,2018,Limpieza Manual de Cuneta de Vía T2,ml,2018-01-30,125+450,125+560,110
km 125+300 - 125+500,2018,Remocion de Derrumbes T2,m3,2018-02-05,125+400,125+450,96
km 125+300 - 125+500,2018,Remocion de Derrumbes T2,m3,2018-02-08,125+400,125+450,132
km 125+300 - 125+500,2018,Remocion de Derrumbes T2,m3,2018-02-11,125+400,125+450,120
km 125+300 - 125+500,2018,Limpieza de carril/pista y bermas T2,m2,2018-02-12,125+390,125+540,100
km 125+300 - 125+500,2018,Limpieza Manual de Cuneta de Vía T2,ml,2018-02-12,125+500,125+600,100
km 125+300 - 125+500,2018,Remocion de Derrumbes T2,m3,2018-02-13,125+400,125+450,72
km 125+300 - 125+500,2018,Remocion de Derrumbes T2,m3,2018-02-14,125+400,125+450,108
km 125+300 - 125+500,2018,Remocion de Derrumbes T2,m3,2018-02-15,125+400,125+450,180
km 125+300 - 125+500,2018,Remocion de Derrumbes T2,m3,2018-02-16,125+400,125+450,120
km 125+300 - 125+500,2018,Remocion de Derrumbes T2,m3,2018-02-20,125+400,125+450,48
km 125+300 - 125+500,2018,Remocion de Derrumbes T2,m3,2018-02-21,125+400,125+450,36
km 125+300 - 125+500,2018,Limpieza Manual de Cuneta de Vía T2,ml,2018-02-22,125+400,125+460,120
km 125+300 - 125+500,2018,Remocion de Derrumbes T2,m3,2018-02-22,125+400,125+450,228
km 125+300 - 125+500,2018,Remocion de Derrumbes T2,m3,2018-02-23,125+400,125+550,72
km 125+300 - 125+500,2018,Limpieza de Deslizamientos Menores < 15 m3 T2,m3,2018-02-28,125+400,125+450,25
km 125+300 - 125+500,2018,Limpieza Manual de Cuneta de Vía T2,ml,2018-03-02,125+400,125+440,40
km 125+300 - 125+500,2018,Remocion de Derrumbes T2,m3,2018-03-12,125+400,125+450,168
km 125+300 - 125+500,2018,Remocion de Derrumbes T2,m3,2018-03-13,125+400,125+450,144
km 125+300 - 125+500,2018,Limpieza Manual de Cuneta de Vía T2,ml,2018-03-16,125+400,125+700,300
km 125+300 - 125+500,2018,Remocion de Derrumbes T2,m3,2018-03-17,125+400,125+450,156
km 125+300 - 125+500,2018,Limpieza Manual de Cuneta de Vía T2,ml,2018-03-19,125+390,125+500,110
km 125+300 - 125+500,2018,Remocion de Derrumbes T2,m3,2018-03-20,125+400,125+450,216
km 125+300 - 125+500,2018,Limpieza Manual de Cuneta de Vía T2,ml,2018-03-21,125+390,125+550,160
km 125+300 - 125+500,2018,Limpieza Manual de Cuneta de Vía T2,ml,2018-03-22,125+400,125+500,100
km 125+300 - 125+500,2018,Remocion de Derrumbes T2,m3,2018-03-23,125+400,125+450,180
km 125+300 - 125+500,2018,Limpieza Manual de Cuneta de Vía T2,ml,2018-03-27,31+650,131+700,50
km 125+300 - 125+500,2018,Remocion de Derrumbes T2,m3,2018-04-01,125+400,125+450,60
km 125+300 - 125+500,2018,Limpieza de carril/pista y bermas T2,m2,2018-04-21,125+500,125+900,316.8
km 125+300 - 125+500,2018,Limpieza de carril/pista y bermas T2,m2,2018-07-07,109+200,198+400,30
km 125+300 - 125+500,2018,Limpieza de carril/pista y bermas T2,m2,2018-12-08,125+430,125+450,36
km 125+300 - 125+500,2018,Limpieza Manual de Cuneta de Vía T2,ml,2018-12-10,125+500,125+680,180
km 125+300 - 125+500,2018,Limpieza Manual de Cuneta de Vía T2,ml,2018-12-17,125+250,125+400,150
km 125+300 - 125+500,2018,Remocion de Derrumbes T2,m3,2018-12-19,125+400,125+420,72
km 125+300 - 125+500,2019,Limpieza Manual de Cuneta de Vía T2,ml,2018-12-26,125+400,125+450,50
km 125+300 - 125+500,2019,Limpieza Manual de Cuneta de Vía T2,ml,2018-12-31,125+500,125+700,200
km 125+300 - 125+500,2019,Limpieza Manual de Cuneta de Vía T2,ml,2019-01-02,125+400,125+430,30
km 125+300 - 125+500,2019,Limpieza Manual de Cuneta de Vía T2,ml,2019-01-04,125+400,125+450,50
km 125+300 - 125+500,2019,Remocion de Derrumbes T2,m3,2019-01-11,125+400,125+415,60
km 125+300 - 125+500,2019,Remocion de Derrumbes T2,m3,2019-01-12,125+400,125+415,60
km 125+300 - 125+500,2019,Remocion de Derrumbes T2,m3,2019-01-14,125+400,125+415,48
km 125+300 - 125+500,2019,Remocion de Derrumbes T2,m3,2019-01-18,125+400,125+415,180
km 125+300 - 125+500,2019,Remocion de Derrumbes T2,m3,2019-01-19,125+400,125+415,36
km 125+300 - 125+500,2019,Remocion de Derrumbes T2,m3,2019-01-20,125+400,125+415,48
km 125+300 - 125+500,2019,Remocion de Derrumbes T2,m3,2019-01-21,125+400,125+415,168
km 125+300 - 125+500,2019,Remocion de Derrumbes T2,m3,2019-01-22,125+400,125+415,24
km 125+300 - 125+500,2019,Remocion de Derrumbes T2,m3,2019-01-23,125+400,125+415,156
km 125+300 - 125+500,2019,Remocion de Derrumbes T2,m3,2019-01-25,125+400,125+420,36
km 125+300 - 125+500,2019,Remocion de Derrumbes T2,m3,2019-01-26,125+400,125+420,48
km 125+300 - 125+500,2019,Remocion de Derrumbes T2,m3,2019-01-28,125+400,125+450,300
km 125+300 - 125+500,2019,Remocion de Derrumbes T2,m3,2019-01-29,125+400,125+420,96
km 125+300 - 125+500,2019,Remocion de Derrumbes T2,m3,2019-01-30,125+400,125+420,48
km 125+300 - 125+500,2019,Remocion de Derrumbes T2,m3,2019-01-31,125+400,125+420,204
km 125+300 - 125+500,2019,Limpieza Manual de Cuneta de Vía T2,ml,2019-02-02,125+300,125+500,200
km 125+300 - 125+500,2019,Remocion de Derrumbes T2,m3,2019-02-02,125+400,125+420,120
km 125+300 - 125+500,2019,Limpieza Manual de Cuneta de Vía T2,ml,2019-02-03,125+300,125+500,200
km 125+300 - 125+500,2019,Remocion de Derrumbes T2,m3,2019-02-04,125+400,125+420,240
km 125+300 - 125+500,2019,Remocion de Derrumbes T2,m3,2019-02-05,125+400,125+420,240
km 125+300 - 125+500,2019,Remocion de Derrumbes T2,m3,2019-02-06,125+400,125+420,264
km 125+300 - 125+500,2019,Remocion de Derrumbes T2,m3,2019-02-07,125+400,125+420,156
km 125+300 - 125+500,2019,Remocion de Derrumbes T2,m3,2019-02-08,125+400,125+420,192
km 125+300 - 125+500,2019,Remocion de Derrumbes T2,m3,2019-02-10,125+400,125+450,84
km 125+300 - 125+500,2019,Limpieza Manual de Cuneta de Vía T2,ml,2019-02-10,125+400,125+450,84
km 125+300 - 125+500,2019,Remocion de Derrumbes T2,m3,2019-02-11,125+400,125+430,36
km 125+300 - 125+500,2019,Remocion de Derrumbes T2,m3,2019-02-12,125+400,125+430,240
km 125+300 - 125+500,2019,Remocion de Derrumbes T2,m3,2019-02-15,125+400,125+430,60
km 125+300 - 125+500,2019,Remocion de Derrumbes T2,m3,2019-02-17,125+400,125+450,132
km 125+300 - 125+500,2019,Remocion de Derrumbes T2,m3,2019-02-19,125+400,125+430,24
km 125+300 - 125+500,2019,Remocion de Derrumbes T2,m3,2019-02-21,125+400,125+430,60
km 125+300 - 125+500,2019,Remocion de Derrumbes T2,m3,2019-02-22,125+400,125+430,264
km 125+300 - 125+500,2019,Remocion de Derrumbes T2,m3,2019-02-23,125+400,125+430,204
km 125+300 - 125+500,2019,Remocion de Derrumbes T2,m3,2019-02-27,125+400,125+430,72
km 125+300 - 125+500,2019,Remocion de Derrumbes T2,m3,2019-02-28,125+400,125+430,204
km 125+300 - 125+500,2019,Remocion de Derrumbes T2,m3,2019-03-04,125+400,125+430,96
km 125+300 - 125+500,2019,Remocion de Derrumbes T2,m3,2019-03-10,125+400,125+430,72
km 125+300 - 125+500,2019,Remocion de Derrumbes T2,m3,2019-03-12,125+400,125+430,60
km 125+300 - 125+500,2019,Remocion de Derrumbes T2,m3,2019-03-13,125+400,125+430,156
km 125+300 - 125+500,2019,Remocion de Derrumbes T2,m3,2019-03-15,125+400,125+430,96
km 125+300 - 125+500,2019,Remocion de Derrumbes T2,m3,2019-03-16,125+400,125+430,24
km 125+300 - 125+500,2019,Remocion de Derrumbes T2,m3,2019-03-17,125+400,125+430,96
km 125+300 - 125+500,2019,Remocion de Derrumbes T2,m3,2019-03-18,125+400,125+430,120
km 125+300 - 125+500,2019,Remocion de Derrumbes T2,m3,2019-03-19,125+400,125+430,144
km 125+300 - 125+500,2019,Remocion de Derrumbes T2,m3,2019-03-19,125+400,125+430,84
km 125+300 - 125+500,2019,Remocion de Derrumbes T2,m3,2019-03-19,125+400,125+430,72
km 125+300 - 125+500,2019,Remocion de Derrumbes T2,m3,2019-03-19,125+400,125+430,120
km 125+300 - 125+500,2019,Remocion de Derrumbes T2,m3,2019-03-19,125+400,125+430,156
km 125+300 - 125+500,2019,Remocion de Derrumbes T2,m3,2019-03-19,125+400,125+420,72
km 125+300 - 125+500,2019,Remocion de Derrumbes T2,m3,2019-03-19,125+400,125+420,96
km 125+300 - 125+500,2019,Remocion de Derrumbes T2,m3,2019-03-19,125+400,125+430,36
km 125+300 - 125+500,2019,Limpieza mecanizada de cabezal de alcantarilla T2,m3,2019-03-19,125+500,125+530,15
km 125+300 - 125+500,2019,Remocion de Derrumbes T2,m3,2019-03-19,76+980,770+000,300
km 125+300 - 125+500,2019,Remocion de Derrumbes T2,m3,2019-03-20,125+400,125+430,300
km 125+300 - 125+500,2019,Remocion de Derrumbes T2,m3,2019-03-23,125+400,125+430,60
km 125+300 - 125+500,2019,Remocion de Derrumbes T2,m3,2019-03-24,125+400,125+430,60
km 125+300 - 125+500,2019,Remocion de Derrumbes T2,m3,2019-03-25,125+400,125+430,36
km 125+300 - 125+500,2019,Limpieza Manual de Cuneta de Vía T2,ml,2019-08-22,116+000,1116+620,150
km 125+300 - 125+500,2019,Limpieza Manual de Cuneta de Vía T2,ml,2019-12-04,114+500,214+600,100
km 125+300 - 125+500,2020,Remocion de Derrumbes T2,m3,2019-12-26,125+400,125+420,60
km 125+300 - 125+500,2020,Limpieza de Deslizamientos Menores < 15 m3 T2,m3,2019-12-29,64+150,646+160,10
km 125+300 - 125+500,2020,Limpieza Manual de Cuneta de Vía T2,ml,2020-01-02,120+900,130+020,50
km 125+300 - 125+500,2020,Remocion de Derrumbes T2,m3,2020-01-06,125+440,125+455,45
km 125+300 - 125+500,2020,Remocion de Derrumbes T2,m3,2020-01-08,125+420,125+455,15
km 125+300 - 125+500,2020,Limpieza de los Dispositivos de Drenaje (de muros) T2,m2,2020-01-08,125+420,125+450,600
km 125+300 - 125+500,2020,Remocion de Derrumbes T2,m3,2020-01-09,125+420,125+455,435
km 125+300 - 125+500,2020,Limpieza Manual de Cuneta de Vía T2,ml,2020-01-10,125+450,125+650,40
km 125+300 - 125+500,2020,Remocion de Derrumbes T2,m3,2020-01-15,125+440,125+455,24
km 125+300 - 125+500,2020,Remocion de Derrumbes T2,m3,2020-01-16,125+440,125+455,60
km 125+300 - 125+500,2020,Remocion de Derrumbes T2,m3,2020-01-17,125+440,125+455,30
km 125+300 - 125+500,2020,Reposición de Tachas Reflectivas T2,und,2020-01-23,42+000,434+000,27
km 125+300 - 125+500,2020,Reposición de Tachas Reflectivas T2,und,2020-01-23,42+000,434+000,26
km 125+300 - 125+500,2020,Remocion de Derrumbes T2,m3,2020-02-06,125+440,125+455,30
km 125+300 - 125+500,2020,Remocion de Derrumbes T2,m3,2020-02-07,125+440,125+455,12
km 125+300 - 125+500,2020,Remocion de Derrumbes T2,m3,2020-02-18,125+440,125+455,165
km 125+300 - 125+500,2020,Remocion de Derrumbes T2,m3,2020-02-20,125+440,125+455,30
km 125+300 - 125+500,2020,Limpieza de carril/pista y bermas T2,m2,2020-02-23,125+350,125+550,720
km 125+300 - 125+500,2020,Limpieza Manual de Cuneta de Vía T2,ml,2020-03-06,125+100,125+300,85
km 125+300 - 125+500,2020,Limpieza de Juntas en Cuneta y Berma,ml,2020-03-06,125+100,125+300,28.333333333333332
km 125+300 - 125+500,2020,Limpieza Manual de Cuneta de Vía T2,ml,2020-03-06,125+500,125+600,50
km 125+300 - 125+500,2020,Limpieza Manual de Zanjas de Coronación T2,ml,2020-03-09,120+330,130+585,25
km 125+300 - 125+500,2020,Remocion de Derrumbes T2,m3,2020-03-09,125+420,125+435,75
km 125+300 - 125+500,2020,Reposición de Cuneta,ml,2020-03-12,125+500,125+506,6
km 125+300 - 125+500,2020,Reposición de Cuneta,ml,2020-03-12,125+500,125+506,6
km 125+300 - 125+500,2020,Limpieza de carril/pista y bermas T2,m2,2020-03-15,125+400,125+420,32.4
km 125+300 - 125+500,2020,Limpieza Manual de Cuneta de Vía T2,ml,2020-04-20,125+420,125+480,600
km 125+300 - 125+500,2020,Limpieza de carril/pista y bermas T2,m2,2020-05-02,123+680,127+710,108
km 125+300 - 125+500,2020,Limpieza Manual de Cuneta de Vía T2,ml,2020-05-03,125+280,125+400,120
km 125+300 - 125+500,2020,Limpieza Manual de Cuneta de Vía T2,ml,2020-05-04,125+450,125+600,150
km 125+300 - 125+500,2020,Limpieza Manual de Cuneta de Vía T2,ml,2020-07-02,125+100,125+900,30
km 125+300 - 125+500,2020,Limpieza Manual de Cuneta de Vía T2,ml,2020-07-22,125+000,125+300,400
km 125+300 - 125+500,2020,Limpieza de Juntas en Cunetas y Bermas,ml,2020-07-22,125+000,125+300,226.66666666666666
km 125+300 - 125+500,2020,Limpieza de Juntas en Cunetas y Bermas,ml,2020-07-22,125+000,125+300,85
km 125+300 - 125+500,2020,Pintura Chevron Guarda Vías T2,m2,2020-08-13,125+400,125+431,14
km 125+300 - 125+500,2020,Reposición de Defensas Averiadas T2,ml,2020-08-13,125+410,125+431,28
km 125+300 - 125+500,2020,Reposición de Defensas Averiadas T2,ml,2020-08-14,125+410,125+431,0
km 125+300 - 125+500,2020,Limpieza Manual de Cuneta de Vía T2,ml,2020-08-17,125+200,125+400,100
km 125+300 - 125+500,2020,Limpieza de Juntas en Cunetas y Bermas,ml,2020-08-17,125+200,125+400,56.666666666666664
km 125+300 - 125+500,2020,Reposición de Delineador T2,und,2020-08-17,125+250,125+312,6
km 125+300 - 125+500,2020,Repintado de delineador T2,und,2020-08-17,125+250,125+312,6
km 125+300 - 125+500,2020,Limpieza de Deslizamientos Menores < 15 m3 T2,m3,2020-08-17,125+430,125+455,20
km 125+300 - 125+500,2020,Reparaciones Parciales de Veredas Parapetos Bordillos T2,m2,2020-08-18,125+300,125+400,5
km 125+300 - 125+500,2020,Reparación de las Estructuras de Contención (gabión) T2,m3,2020-08-19,125+430,125+455,1
km 125+300 - 125+500,2020,Reparaciones Parciales de Veredas Parapetos Bordillos T2,m2,2020-08-20,125+400,125+500,0.72
km 125+300 - 125+500,2020,Reparaciones Parciales de Veredas Parapetos Bordillos T2,m2,2020-08-21,125+360,125+420,10
km 125+300 - 125+500,2020,Remocion de Derrumbes T2,m3,2020-08-22,125+450,125+500,240
km 125+300 - 125+500,2020,Remocion de Derrumbes T2,m3,2020-08-23,125+450,125+500,210
km 125+300 - 125+500,2020,Reparación de las Estructuras de Contención (gabión) T2,m3,2020-08-25,125+430,125+455,30
km 125+300 - 125+500,2020,Reparación de las Estructuras de Contención (gabión) T2,m3,2020-08-26,125+430,125+455,10
km 125+300 - 125+500,2020,Reparación de las Estructuras de Contención (gabión) T2,m3,2020-08-26,125+430,125+455,20
km 125+300 - 125+500,2020,Reparación de las Estructuras de Contención (gabión) T2,m3,2020-08-27,125+430,125+455,20
km 125+300 - 125+500,2020,Reparación de las Estructuras de Contención (gabión) T2,m3,2020-08-27,125+430,125+455,30
km 125+300 - 125+500,2020,Limpieza de Parapetos Veredas de Concreto T2,m2,2020-09-10,125+500,125+520,20
km 125+300 - 125+500,2020,Reparación de las Estructuras de Contención (gabión) T2,m3,2020-09-21,124+241,142+311,1
km 125+300 - 125+500,2020,Reparación Parcial de Barandas Metálicas T2,ml,2020-09-23,125+400,125+500,100
km 125+300 - 125+500,2020,Repintado de Parapetos Muros T2,m2,2020-09-23,125+400,125+500,5
km 125+300 - 125+500,2020,Limpieza Manual de Cuneta de Vía T2,ml,2020-10-06,125+300,125+450,150
km 125+300 - 125+500,2020,Limpieza de Juntas en Cunetas y Bermas,ml,2020-10-06,125+300,125+450,85
km 125+300 - 125+500,2020,Limpieza Manual de Cuneta de Vía T2,ml,2020-10-08,125+000,125+300,300
km 125+300 - 125+500,2020,Limpieza de Juntas en Cunetas y Bermas,ml,2020-10-08,125+000,125+300,170
km 125+300 - 125+500,2020,Limpieza de carril/pista y bermas T2,m2,2020-10-08,125+000,125+300,360
km 125+300 - 125+500,2020,Limpieza Manual de Cuneta de Vía T2,ml,2020-10-19,22+530,222+600,70
km 125+300 - 125+500,2020,Limpieza Manual de Cuneta de Vía T2,ml,2020-11-19,125+394,125+495,90
km 125+300 - 125+500,2020,Limpieza de Guardavías T2,ml,2020-11-19,125+394,125+495,90
km 125+300 - 125+500,2020,Limpieza de Cajas de Inspección Subdren T2,und,2020-11-19,125+394,125+495,2
km 125+300 - 125+500,2020,Reparaciones Parciales de Veredas Parapetos Bordillos T2,m2,2020-11-19,125+394,125+495,20
km 125+300 - 125+500,2020,Reparación de las Estructuras de Contención (gabión) T2,m3,2020-11-19,125+394,125+495,1
km 125+300 - 125+500,2020,Limpieza Manual de Cuneta de Vía T2,ml,2020-12-09,125+400,125+500,20
km 125+300 - 125+500,2020,Limpieza de Juntas en Cunetas y Bermas,ml,2020-12-09,125+400,125+500,11.333333333333334
km 125+300 - 125+500,2020,Reparación de las Estructuras de Contención (gabión) T2,m3,2020-12-09,125+400,125+500,1
km 125+300 - 125+500,2020,Reparaciones Parciales de Veredas Parapetos Bordillos T2,m2,2020-12-09,125+400,125+500,0.5
km 125+300 - 125+500,2020,Limpieza de Juntas en Cunetas y Bermas,ml,2020-12-10,25+305,169+500,85
km 125+300 - 125+500,2020,Limpieza Manual de Cuneta de Vía T2,ml,2020-12-10,25+320,171+500,5
km 125+300 - 125+500,2020,Limpieza de Juntas en Cunetas y Bermas,ml,2020-12-10,25+750,168+400,25.5
km 125+300 - 125+500,2021,Reparación de las Estructuras de Contención (gabión) T2,m3,2021-01-15,125+394,125+495,1
km 125+300 - 125+500,2021,Limpieza de Parapetos Veredas de Concreto T2,m2,2021-01-15,125+394,125+495,15
km 125+300 - 125+500,2021,Limpieza de Superfície de Concreto y Dispos. Drenaje T2,ml,2021-01-15,125+394,125+495,20
km 125+300 - 125+500,2021,Limpieza de Cajas de Inspección Subdren T2,und,2021-01-18,125+394,125+495,4
km 125+300 - 125+500,2021,Limpieza Manual de Cuneta de Vía T2,ml,2021-01-18,125+394,125+495,35
km 125+300 - 125+500,2021,Limpieza Manual de Zanjas de Coronación T2,ml,2021-01-18,125+394,125+495,60
km 125+300 - 125+500,2021,Limpieza de Superfície de Concreto y Dispos. Drenaje T2,ml,2021-01-18,125+394,125+495,3
km 125+300 - 125+500,2021,Limpieza Manual de Cuneta de Vía T2,ml,2021-02-16,124+900,126+000,1000
km 125+300 - 125+500,2021,Limpieza de Juntas en Cunetas y Bermas,ml,2021-02-16,125+000,126+000,510
km 125+300 - 125+500,2021,Reparación de las Estructuras de Contención (gabión) T2,m3,2021-02-21,125+394,125+495,1
km 125+300 - 125+500,2021,Limpieza Manual de Zanjas de Coronación T2,ml,2021-02-21,125+394,125+495,70
km 125+300 - 125+500,2021,Limpieza de Cajas de Inspección Subdren T2,und,2021-02-21,125+394,125+495,4
km 125+300 - 125+500,2021,Limpieza de Cajas de Inspección Subdren T2,und,2021-02-21,125+394,125+495,3
km 125+300 - 125+500,2021,Limpieza de Superfície de Concreto y Dispos. Drenaje T2,ml,2021-02-21,125+394,125+495,25
km 125+300 - 125+500,2021,Desbroce Manual T2,m2,2021-03-03,121+500,192+000,3000
km 125+300 - 125+500,2021,Repintado de Postes de Señalización Vertical T2,m2,2021-03-08,119+000,180+000,6.24
km 125+300 - 125+500,2021,Limpieza de Postes de Señalización Vertical T2,und,2021-03-08,119+000,180+000,4
km 125+300 - 125+500,2021,Limpieza de Superfície de Concreto y Dispos. Drenaje T2,ml,2021-03-17,125+394,125+495,20
km 125+300 - 125+500,2021,Limpieza Manual de Cuneta de Vía T2,ml,2021-03-17,125+394,125+495,25
km 125+300 - 125+500,2021,Reparación de las Estructuras de Contención (gabión) T2,m3,2021-03-17,125+394,125+495,1
km 125+300 - 125+500,2021,Limpieza de Cajas de Inspección Subdren T2,und,2021-03-17,125+394,125+495,3
km 125+300 - 125+500,2021,Limpieza Manual de Zanjas de Coronación T2,ml,2021-03-17,125+394,125+495,60
km 125+300 - 125+500,2021,Limpieza de Cajas de Inspección Subdren T2,und,2021-03-17,125+394,125+495,1
km 125+300 - 125+500,2021,Limpieza Manual de Cabezal de Alcantarilla T2,ml,2021-03-20,125+450,125+470,72
km 125+300 - 125+500,2021,Limpieza Manual de Cuneta de Vía T2,ml,2021-04-03,125+450,125+550,50
km 125+300 - 125+500,2021,Limpieza Manual de Cuerpo de Alcantarilla T2,ml,2021-04-05,17+248,172+498,8
km 125+300 - 125+500,2021,Limpieza de carril/pista y bermas T2,m2,2021-04-11,125+450,125+460,10
km 125+300 - 125+500,2021,Limpieza Manual de Cuneta de Vía T2,ml,2021-04-15,125+230,125+400,170
km 125+300 - 125+500,2021,Limpieza Manual de Cuneta de Vía T2,ml,2021-04-16,102+000,162+000,100
km 125+300 - 125+500,2021,Limpieza Manual de Cuneta de Vía T2,ml,2021-04-17,125+450,125+470,20
km 125+300 - 125+500,2021,Limpieza Manual de Zanjas de Coronación T2,ml,2021-04-20,125+394,125+495,101
km 125+300 - 125+500,2021,Limpieza Manual de Cuneta de Vía T2,ml,2021-04-20,125+394,125+495,101
km 125+300 - 125+500,2021,Limpieza Manual de Zanjas de Coronación T2,ml,2021-04-20,125+400,125+495,95
km 125+300 - 125+500,2021,Limpieza Manual de Cuneta de Vía T2,ml,2021-05-18,123+550,126+000,550
km 125+300 - 125+500,2021,Limpieza Manual de Zanjas de Coronación T2,ml,2021-05-20,125+394,125+495,101
km 125+300 - 125+500,2021,Limpieza Manual de Zanjas de Coronación T2,ml,2021-05-20,125+400,125+495,95
km 125+300 - 125+500,2021,Limpieza Manual de Zanjas de Coronación T2,ml,2021-06-09,125+470,125+520,50
km 125+300 - 125+500,2021,Limpieza Manual de Zanjas de Coronación T2,ml,2021-06-10,125+480,125+580,100
km 125+300 - 125+500,2021,Pintura Chevron Guarda Vías T2,m2,2021-06-14,14+125,142+245,4
km 125+300 - 125+500,2021,Limpieza de Guardavías T2,ml,2021-06-14,14+125,142+245,80
km 125+300 - 125+500,2021,Limpieza Manual de Zanjas de Coronación T2,ml,2021-06-18,125+394,125+495,101
km 125+300 - 125+500,2021,Limpieza Manual de Zanjas de Coronación T2,ml,2021-06-18,125+400,125+430,30
km 125+300 - 125+500,2021,Reparación de las Estructuras de Contención (gabión) T2,m3,2021-06-18,125+400,125+495,1
km 125+300 - 125+500,2021,Limpieza Manual de Zanjas de Coronación T2,ml,2021-06-18,125+450,125+995,45
km 125+300 - 125+500,2021,Desbroce Manual T2,m2,2021-06-24,19+600,196+900,50
km 125+300 - 125+500,2021,Limpieza Manual de Cuneta de Vía T2,ml,2021-08-17,125+225,125+300,65
km 125+300 - 125+500,2021,Limpieza Manual de Cuneta de Vía T2,ml,2021-08-17,125+290,125+320,30
km 125+300 - 125+500,2021,Reparación de las Estructuras de Contención (gabión) T2,m3,2021-08-19,125+394,125+495,1
km 125+300 - 125+500,2021,Limpieza de Parapetos Veredas de Concreto T2,m2,2021-08-19,125+394,125+495,3.5999999999999996
km 125+300 - 125+500,2021,Limpieza Manual de Zanjas de Coronación T2,ml,2021-08-19,125+394,125+495,76
km 125+300 - 125+500,2021,Limpieza Manual de Zanjas de Coronación T2,ml,2021-08-19,125+394,125+495,100
km 125+300 - 125+500,2021,Limpieza Manual de Zanjas de Coronación T2,ml,2021-08-19,125+394,125+495,70
km 125+300 - 125+500,2021,Limpieza de Superfície de Concreto y Dispos. Drenaje T2,ml,2021-08-19,125+394,125+495,10
km 125+300 - 125+500,2021,Limpieza de Superfície de Concreto y Dispos. Drenaje T2,ml,2021-08-19,125+495,125+495,45
km 125+300 - 125+500,2021,Limpieza de Cajas de Inspección Subdren T2,und,2021-09-17,125+394,125+495,1
km 125+300 - 125+500,2021,Limpieza de Cajas de Inspección Subdren T2,und,2021-09-17,125+394,125+495,1
km 125+300 - 125+500,2021,Limpieza Manual de Zanjas de Coronación T2,ml,2021-09-17,125+394,125+495,32
km 125+300 - 125+500,2021,Limpieza de Cajas de Inspección Subdren T2,und,2021-09-17,125+394,125+495,12
km 125+300 - 125+500,2021,Limpieza de carril/pista y bermas T2,m2,2021-10-15,125+310,125+350,40
km 125+300 - 125+500,2021,Limpieza Manual de Cuneta de Vía T2,ml,2021-10-15,125+365,125+385,20
km 125+300 - 125+500,2021,Limpieza de Superfície de Concreto y Dispos. Drenaje T2,ml,2021-10-18,125+394,125+495,12
km 125+300 - 125+500,2021,Reparación de las Estructuras de Contención (gabión) T2,m3,2021-10-18,125+394,125+495,0.5
km 125+300 - 125+500,2021,Limpieza Manual de Zanjas de Coronación T2,ml,2021-10-18,125+394,125+495,62
km 125+300 - 125+500,2021,Limpieza Manual de Zanjas de Coronación T2,ml,2021-10-18,125+394,125+495,120
km 125+300 - 125+500,2021,Limpieza Manual de Zanjas de Coronación T2,ml,2021-10-18,125+394,125+495,75
km 125+300 - 125+500,2021,Limpieza Manual de Cuneta de Vía T2,ml,2021-10-18,125+394,125+495,101
km 125+300 - 125+500,2021,Limpieza de Superfície de Concreto y Dispos. Drenaje T2,ml,2021-10-18,125+394,125+495,100
km 125+300 - 125+500,2021,Limpieza de Superfície de Concreto y Dispos. Drenaje T2,ml,2021-10-18,125+394,125+495,101
km 125+300 - 125+500,2021,Reposición de Tachas Reflectivas T2,und,2021-11-09,125+414,125+446,30
km 125+300 - 125+500,2021,Reparación de las Estructuras de Contención (gabión) T2,m3,2021-11-18,125+294,125+495,0.5
km 125+300 - 125+500,2021,Limpieza Manual de Zanjas de Coronación T2,ml,2021-11-18,125+394,125+495,42
km 125+300 - 125+500,2021,Limpieza Residuos Sólidos / Basuras,m2,2021-11-19,124+620,129+700,80
km 125+300 - 125+500,2021,Limpieza Manual de Cabezal de Alcantarilla T2,ml,2021-11-19,124+705,127+705,12
km 125+300 - 125+500,2021,Limpieza de carril/pista y bermas T2,m2,2021-11-20,116+700,166+800,50
km 125+300 - 125+500,2021,Limpieza de Cajas de Inspección Subdren T2,und,2021-12-14,125+300,125+450,2
km 125+300 - 125+500,2021,Limpieza de Superfície de Concreto y Dispos. Drenaje T2,ml,2021-12-14,125+300,125+450,12
km 125+300 - 125+500,2021,Limpieza Manual de Zanjas de Coronación T2,ml,2021-12-14,125+300,125+450,25
km 125+300 - 125+500,2021,Limpieza Manual de Zanjas de Coronación T2,ml,2021-12-14,125+300,125+450,30
km 125+300 - 125+500,2021,Limpieza Manual de Zanjas de Coronación T2,ml,2021-12-14,125+300,125+450,20
km 125+300 - 125+500,2021,Reparación de las Estructuras de Contención (gabión) T2,m3,2021-12-14,125+300,125+450,0.5
km 125+300 - 125+500,2021,Limpieza de Superfície de Concreto y Dispos. Drenaje T2,ml,2021-12-14,125+300,125+450,12
km 125+300 - 125+500,2021,Limpieza Manual de Cuneta de Vía T2,ml,2021-12-14,125+300,125+450,14
km 125+300 - 125+500,2022,Limpieza Residuos Sólidos / Basuras,m2,2021-12-26,111+600,214+630,30
km 125+300 - 125+500,2022,Limpieza de Deslizamientos Menores < 15 m3 T2,m3,2022-01-03,125+000,173+500,12
km 125+300 - 125+500,2022,Limpieza de Deslizamientos Menores < 15 m3 T2,m3,2022-01-04,125+000,125+500,10
km 125+300 - 125+500,2022,Limpieza Manual de Cuneta de Vía T2,ml,2022-01-05,125+000,125+500,200
km 125+300 - 125+500,2022,Limpieza de Deslizamientos Menores < 15 m3 T2,m3,2022-01-08,125+000,126+000,12
km 125+300 - 125+500,2022,Limpieza de Deslizamientos Menores < 15 m3 T2,m3,2022-01-09,12+500,126+000,12
km 125+300 - 125+500,2022,Limpieza de Cajas de Inspección Subdren T2,und,2022-01-13,125+394,125+495,2
km 125+300 - 125+500,2022,Limpieza de Cajas de Inspección Subdren T2,und,2022-01-13,125+394,125+495,4
km 125+300 - 125+500,2022,Limpieza de Cajas de Inspección Subdren T2,und,2022-01-13,125+394,125+495,2
km 125+300 - 125+500,2022,Limpieza de Superfície de Concreto y Dispos. Drenaje T2,ml,2022-01-13,125+394,125+495,16
km 125+300 - 125+500,2022,Reparación de las Estructuras de Contención (gabión) T2,m3,2022-01-13,125+394,125+495,0.5
km 125+300 - 125+500,2022,Reparación de las Estructuras de Contención (gabión) T2,m3,2022-01-13,125+394,125+495,0.5
km 125+300 - 125+500,2022,Limpieza Manual de Zanjas de Coronación T2,ml,2022-01-13,125+394,125+495,12
km 125+300 - 125+500,2022,Limpieza de Superfície de Concreto y Dispos. Drenaje T2,ml,2022-01-13,125+394,125+495,10
km 125+300 - 125+500,2022,Limpieza Manual de Cuneta de Vía T2,ml,2022-01-13,125+394,125+495,2
km 125+300 - 125+500,2022,Reparación Parcial de Delineador T2,und,2022-01-16,125+360,125+400,7
km 125+300 - 125+500,2022,Limpieza de carril/pista y bermas T2,m2,2022-01-21,120+900,129+999,99
km 125+300 - 125+500,2022,Limpieza de carril/pista y bermas T2,m2,2022-01-21,120+900,129+999,99
km 125+300 - 125+500,2022,Limpieza Manual de Cuneta de Vía T2,ml,2022-01-21,125+400,125+450,50
km 125+300 - 125+500,2022,Limpieza de carril/pista y bermas T2,m2,2022-01-21,125+400,125+450,50
km 125+300 - 125+500,2022,Limpieza de Deslizamientos Menores < 15 m3 T2,m3,2022-01-24,125+000,125+600,14
km 125+300 - 125+500,2022,Limpieza Manual de Cuneta de Vía T2,ml,2022-01-26,125+000,127+400,600
km 125+300 - 125+500,2022,Limpieza de carril/pista y bermas T2,m2,2022-02-01,124+000,173+000,120
km 125+300 - 125+500,2022,Limpieza de carril/pista y bermas T2,m2,2022-02-02,124+000,173+000,240
km 125+300 - 125+500,2022,Limpieza de carril/pista y bermas T2,m2,2022-02-04,125+000,126+000,160
km 125+300 - 125+500,2022,Limpieza de carril/pista y bermas T2,m2,2022-02-07,125+000,126+000,20
km 125+300 - 125+500,2022,Limpieza de carril/pista y bermas T2,m2,2022-02-09,125+000,175+000,220
km 125+300 - 125+500,2022,Limpieza de Deslizamientos Menores < 15 m3 T2,m3,2022-02-09,21+100,214+150,15
km 125+300 - 125+500,2022,Reparación de las Estructuras de Contención (gabión) T2,m3,2022-02-10,125+349,125+495,0.5
km 125+300 - 125+500,2022,Limpieza Manual de Cuneta de Vía T2,ml,2022-02-10,125+394,125+495,18
km 125+300 - 125+500,2022,Limpieza de Cajas de Inspección Subdren T2,und,2022-02-10,125+394,125+495,2
km 125+300 - 125+500,2022,Limpieza de Superfície de Concreto y Dispos. Drenaje T2,ml,2022-02-10,125+394,125+495,18
km 125+300 - 125+500,2022,Limpieza de Superfície de Concreto y Dispos. Drenaje T2,ml,2022-02-10,125+394,125+495,12
km 125+300 - 125+500,2022,Limpieza Manual de Zanjas de Coronación T2,ml,2022-02-10,125+394,125+495,40
km 125+300 - 125+500,2022,Limpieza Manual de Cuneta de Vía T2,ml,2022-03-01,125+425,125+425,15
km 125+300 - 125+500,2022,Limpieza de Deslizamientos Menores < 15 m3 T2,m3,2022-03-01,125+430,125+440,15
km 125+300 - 125+500,2022,Limpieza de carril/pista y bermas T2,m2,2022-03-15,125+450,125+495,45
km 125+300 - 125+500,2022,Limpieza de Cajas de Inspección Subdren T2,und,2022-03-16,125+394,125+495,2
km 125+300 - 125+500,2022,Limpieza de Cajas de Inspección Subdren T2,und,2022-03-16,125+394,125+445,1
km 125+300 - 125+500,2022,Limpieza Manual de Cuneta de Vía T2,ml,2022-03-16,125+394,125+495,55
km 125+300 - 125+500,2022,Limpieza Manual de Cuneta de Vía T2,ml,2022-03-16,125+394,125+495,9
km 125+300 - 125+500,2022,Limpieza de Superfície de Concreto y Dispos. Drenaje T2,ml,2022-03-16,125+394,125+495,6
km 125+300 - 125+500,2022,Limpieza de Superfície de Concreto y Dispos. Drenaje T2,ml,2022-03-16,125+394,125+495,14
km 125+300 - 125+500,2022,Limpieza de Superfície de Concreto y Dispos. Drenaje T2,ml,2022-03-16,125+394,125+495,8
km 125+300 - 125+500,2022,Limpieza de Superfície de Concreto y Dispos. Drenaje T2,ml,2022-03-16,125+394,125+495,14
km 125+300 - 125+500,2022,Limpieza de Deslizamientos Menores < 15 m3 T2,m3,2022-03-16,125+445,125+495,14
km 125+300 - 125+500,2022,Reparación de las Estructuras de Contención (gabión) T2,m3,2022-03-17,125+445,125+495,0.5
km 125+300 - 125+500,2022,Remocion de Derrumbes T2,m3,2022-03-18,125+440,125+500,75
km 125+300 - 125+500,2022,Remocion de Derrumbes T2,m3,2022-03-19,125+440,125+500,60
km 125+300 - 125+500,2022,Limpieza de Deslizamientos Menores < 15 m3 T2,m3,2022-03-20,125+445,125+495,14
km 125+300 - 125+500,2022,Desbroce Manual T2,m2,2022-03-23,124+950,125+680,20
km 125+300 - 125+500,2022,Limpieza de Superfície de Concreto y Dispos. Drenaje T2,ml,2022-04-13,125+394,125+495,8
km 125+300 - 125+500,2022,Limpieza de Superfície de Concreto y Dispos. Drenaje T2,ml,2022-04-13,125+394,125+495,12
km 125+300 - 125+500,2022,Reparación de las Estructuras de Contención (gabión) T2,m3,2022-04-13,125+394,125+495,0.5
km 125+300 - 125+500,2022,Limpieza Manual de Cuneta de Vía T2,ml,2022-05-11,125+450,125+550,10
km 125+300 - 125+500,2022,Reparación de las Estructuras de Contención (gabión) T2,m3,2022-05-11,125+450,125+550,0.5
km 125+300 - 125+500,2022,Reparación de las Estructuras de Contención (gabión) T2,m3,2022-05-11,125+450,125+550,0.5
km 125+300 - 125+500,2022,Limpieza Manual de Zanjas de Coronación T2,ml,2022-05-11,125+450,125+550,120
km 125+300 - 125+500,2022,Limpieza de Superfície de Concreto y Dispos. Drenaje T2,ml,2022-05-11,125+450,125+550,30
km 125+300 - 125+500,2022,Limpieza Manual de Cuneta de Vía T2,ml,2022-05-11,125+450,125+550,18
km 125+300 - 125+500,2022,Limpieza Manual de Cuneta de Vía T2,ml,2022-05-12,125+450,125+550,8
km 125+300 - 125+500,2022,Limpieza Manual de Cuneta de Vía T2,ml,2022-05-12,125+450,125+550,14
km 125+300 - 125+500,2022,Reposición de Defensas Averiadas T2,ml,2022-05-23,125+475,125+508,7
km 125+300 - 125+500,2022,Repintado de Postes de Señalización Vertical T2,m2,2022-06-13,113+176,137+767,7.8
km 125+300 - 125+500,2022,Limpieza Manual de Cuneta de Vía T2,ml,2022-06-14,103+200,203+400,100
km 125+300 - 125+500,2022,Reparación de las Estructuras de Contención (gabión) T2,m3,2022-06-27,125+394,125+495,0.5
km 125+300 - 125+500,2022,Limpieza Manual de Cuneta de Vía T2,ml,2022-06-27,125+394,125+495,6
km 125+300 - 125+500,2022,Reparación de las Estructuras de Contención (gabión) T2,m3,2022-07-05,125+394,125+495,0.5
km 125+300 - 125+500,2022,Limpieza de Cajas de Inspección Subdren T2,und,2022-07-08,125+495,125+394,1
km 125+300 - 125+500,2022,Limpieza Manual de Zanjas de Coronación T2,ml,2022-07-08,125+495,125+394,13
km 125+300 - 125+500,2022,Limpieza de Superfície de Concreto y Dispos. Drenaje T2,ml,2022-07-08,125+495,125+394,12
km 125+300 - 125+500,2022,Limpieza de Superfície de Concreto y Dispos. Drenaje T2,ml,2022-07-08,125+495,125+394,10
km 125+300 - 125+500,2022,Limpieza de Superfície de Concreto y Dispos. Drenaje T2,ml,2022-07-08,125+495,125+394,8
km 125+300 - 125+500,2022,Limpieza Manual de Cuneta de Vía T2,ml,2022-08-03,125+394,125+495,6
km 125+300 - 125+500,2022,Limpieza Manual de Cuneta de Vía T2,ml,2022-08-11,125+250,125+360,110
km 125+300 - 125+500,2022,Limpieza de carril/pista y bermas T2,m2,2022-08-11,125+452,125+495,45
km 125+300 - 125+500,2022,Reparación de las Estructuras de Contención (gabión) T2,m3,2022-09-01,125+394,125+495,0.5
km 125+300 - 125+500,2022,Limpieza Manual de Zanjas de Coronación T2,ml,2022-09-01,125+399,125+495,120
km 125+300 - 125+500,2022,Limpieza Manual de Zanjas de Coronación T2,ml,2022-09-01,125+399,125+495,50
km 125+300 - 125+500,2022,Limpieza de Superfície de Concreto y Dispos. Drenaje T2,ml,2022-09-01,125+399,125+495,8
km 125+300 - 125+500,2022,Limpieza de Cajas de Inspección Subdren T2,und,2022-09-01,125+399,125+445,3
km 125+300 - 125+500,2022,Limpieza de Superfície de Concreto y Dispos. Drenaje T2,ml,2022-09-01,125+399,125+995,24
km 125+300 - 125+500,2022,Repintado de delineador T2,und,2022-09-09,82+190,182+224,4
km 125+300 - 125+500,2022,Desbroce Manual T2,m2,2022-09-15,16+000,160+400,2400
km 125+300 - 125+500,2022,Limpieza de carril/pista y bermas T2,m2,2022-09-20,125+270,126+170,225
km 125+300 - 125+500,2022,Limpieza Manual de Cuneta de Vía T2,ml,2022-09-21,125+395,125+595,200
km 125+300 - 125+500,2022,Limpieza de Superfície de Concreto y Dispos. Drenaje T2,ml,2022-11-02,125+394,125+495,10
km 125+300 - 125+500,2022,Limpieza Manual de Cuneta de Vía T2,ml,2022-11-02,125+394,125+495,8
km 125+300 - 125+500,2022,Reparación de las Estructuras de Contención (gabión) T2,m3,2022-12-01,125+294,125+495,0.1
km 125+300 - 125+500,2022,Reparación de las Estructuras de Contención (gabión) T2,m3,2022-12-01,125+394,125+495,0.1
km 125+300 - 125+500,2022,Reparación de las Estructuras de Contención (gabión) T2,m3,2022-12-01,125+394,125+495,0.1
km 125+300 - 125+500,2022,Reparación de las Estructuras de Contención (gabión) T2,m3,2022-12-01,125+394,125+445,0.1
km 125+300 - 125+500,2022,Reparación de las Estructuras de Contención (gabión) T2,m3,2022-12-01,125+394,125+495,0.1
km 125+300 - 125+500,2022,Reparación de las Estructuras de Contención (gabión) T2,m3,2022-12-01,125+400,125+490,0.1
km 125+300 - 125+500,2022,Reparación de las Estructuras de Contención (gabión) T2,m3,2022-12-01,125+400,125+490,0.1
km 125+300 - 125+500,2022,Reparación de las Estructuras de Contención (gabión) T2,m3,2022-12-01,125+400,125+490,0.1
km 125+300 - 125+500,2022,Reparación de las Estructuras de Contención (gabión) T2,m3,2022-12-01,125+400,125+490,0.1
km 125+300 - 125+500,2022,Limpieza de Superfície de Concreto y Dispos. Drenaje T2,ml,2022-12-21,123+920,134+000,12
km 125+300 - 125+500,2022,Limpieza de Superfície de Concreto y Dispos. Drenaje T2,ml,2022-12-21,125+394,125+495,18
km 125+300 - 125+500,2022,Reparación de las Estructuras de Contención (gabión) T2,m3,2022-12-21,125+394,125+495,0.1
km 125+300 - 125+500,2022,Limpieza Manual de Cuneta de Vía T2,ml,2022-12-21,125+394,125+495,6
km 125+300 - 125+500,2023,Limpieza mecanizada de cabezal de alcantarilla T2,m3,2022-12-25,125+105,128+120,8
km 125+300 - 125+500,2023,Reparación de las Estructuras de Contención (gabión) T2,m3,2023-01-03,125+495,125+395,0.1
km 125+300 - 125+500,2023,Limpieza de Superfície de Concreto y Dispos. Drenaje T2,ml,2023-01-05,125+349,125+495,16
km 125+300 - 125+500,2023,Limpieza de Cajas de Inspección Subdren T2,und,2023-01-05,125+394,125+495,2
km 125+300 - 125+500,2023,Limpieza de Cajas de Inspección Subdren T2,und,2023-01-05,125+394,125+495,1
km 125+300 - 125+500,2023,Limpieza de Superfície de Concreto y Dispos. Drenaje T2,ml,2023-01-05,125+394,125+495,30
km 125+300 - 125+500,2023,Limpieza Manual de Cuneta de Vía T2,ml,2023-01-05,125+399,125+495,12
km 125+300 - 125+500,2023,Limpieza Manual de Cuneta de Vía T2,ml,2023-01-06,125+394,125+495,12
km 125+300 - 125+500,2023,Limpieza Manual de Zanjas de Coronación T2,ml,2023-02-13,125+394,125+495,101
km 125+300 - 125+500,2023,Limpieza Manual de Zanjas de Coronación T2,ml,2023-02-13,125+394,125+495,50
km 125+300 - 125+500,2023,Limpieza Manual de Zanjas de Coronación T2,ml,2023-02-13,125+394,125+495,150
km 125+300 - 125+500,2023,Limpieza Manual de Zanjas de Coronación T2,ml,2023-02-13,125+394,125+495,180
km 125+300 - 125+500,2023,Limpieza Manual de Zanjas de Coronación T2,ml,2023-02-13,125+394,125+495,120
km 125+300 - 125+500,2023,Limpieza de Superfície de Concreto y Dispos. Drenaje T2,ml,2023-02-13,125+394,125+495,105
km 125+300 - 125+500,2023,Limpieza Manual de Zanjas de Coronación T2,ml,2023-02-13,125+394,125+495,140
km 125+300 - 125+500,2023,Limpieza Manual de Zanjas de Coronación T2,ml,2023-02-13,125+394,125+495,80
km 125+300 - 125+500,2023,Limpieza de Cajas de Inspección Subdren T2,und,2023-02-13,125+394,125+495,1
km 125+300 - 125+500,2023,Limpieza de Cajas de Inspección Subdren T2,und,2023-02-13,125+394,125+495,1
km 125+300 - 125+500,2023,Limpieza de Cajas de Inspección Subdren T2,und,2023-02-13,125+394,125+495,1
km 125+300 - 125+500,2023,Reparación de las Estructuras de Contención (gabión) T2,m3,2023-02-13,125+394,125+495,0.1
km 125+300 - 125+500,2023,Limpieza de carril/pista y bermas T2,m2,2023-02-13,125+400,125+410,50
km 125+300 - 125+500,2023,Limpieza Manual de Cuneta de Vía T2,ml,2023-02-23,125+300,125+849,549
km 125+300 - 125+500,2023,Limpieza Manual de Cuneta de Vía T2,ml,2023-02-23,125+300,125+849,50
km 125+300 - 125+500,2023,Limpieza Manual de Cuneta de Vía T2,ml,2023-03-06,125+394,125+495,101
km 125+300 - 125+500,2023,Limpieza de Superfície de Concreto y Dispos. Drenaje T2,ml,2023-03-06,125+394,125+495,101
km 125+300 - 125+500,2023,Reparación de las Estructuras de Contención (gabión) T2,m3,2023-03-06,125+399,125+495,0.1
km 125+300 - 125+500,2023,Desbroce Manual T2,m2,2023-04-26,120+000,131+000,6000
km 125+300 - 125+500,2023,Limpieza Manual de Cuneta de Vía T2,ml,2023-05-23,123+624,126+688,64
km 125+300 - 125+500,2023,Limpieza Manual de Cuneta de Vía T2,ml,2023-05-24,125+394,125+495,101
km 125+300 - 125+500,2023,Reparación de las Estructuras de Contención (gabión) T2,m3,2023-05-24,125+394,125+495,0.2
km 125+300 - 125+500,2023,Limpieza Manual de Zanjas de Coronación T2,ml,2023-05-24,125+394,125+495,101
km 125+300 - 125+500,2023,Limpieza de Superfície de Concreto y Dispos. Drenaje T2,ml,2023-05-24,125+394,125+495,101
km 125+300 - 125+500,2023,Limpieza Manual de Zanjas de Coronación T2,ml,2023-06-06,125+394,125+495,101
km 125+300 - 125+500,2023,Limpieza de Superfície de Concreto y Dispos. Drenaje T2,ml,2023-06-06,125+395,125+495,120
km 125+300 - 125+500,2023,Pintura o Reaplicación por Aspersión T2,ml,2023-06-19,125+400,125+482,24.599999999999998
km 125+300 - 125+500,2023,Limpieza de Placas de Señalización Vertical T2,m2,2023-07-11,45+000,146+000,0.5625
km 125+300 - 125+500,2023,Reparación de las Estructuras de Contención (gabión) T2,m3,2023-07-14,125+394,125+420,0.1
km 125+300 - 125+500,2023,Limpieza Manual de Cuneta de Vía T2,ml,2023-07-14,125+394,125+495,101
km 125+300 - 125+500,2023,Limpieza Manual de Zanjas de Coronación T2,ml,2023-07-14,125+394,125+495,80
km 125+300 - 125+500,2023,Limpieza Manual de Zanjas de Coronación T2,ml,2023-07-14,125+394,125+495,60
km 125+300 - 125+500,2023,Limpieza de Cauces T2,ml,2023-07-14,125+394,125+394,8
km 125+300 - 125+500,2023,Limpieza Manual de Cuneta de Vía T2,ml,2023-08-30,125+200,125+480,40
km 125+300 - 125+500,2023,Limpieza de Obstaculos - Derecho de Vía,m2,2023-08-30,125+340,125+540,220
km 125+300 - 125+500,2023,Limpieza de Guardavías T2,ml,2023-09-08,125+353,125+425,72
km 125+300 - 125+500,2023,Limpieza Manual de Cuneta de Vía T2,ml,2023-09-11,125+000,125+550,550
km 125+300 - 125+500,2023,Limpieza Manual de Cuneta de Vía T2,ml,2023-09-11,125+100,125+400,300
km 125+300 - 125+500,2023,Reparación de las Estructuras de Contención (gabión) T2,m3,2023-09-11,125+394,125+495,0.1
km 125+300 - 125+500,2023,Limpieza Manual de Cuneta de Vía T2,ml,2023-09-11,125+394,125+495,101
km 125+300 - 125+500,2023,Limpieza de Deslizamientos Menores < 15 m3 T2,m3,2023-09-13,125+360,125+370,14
km 125+300 - 125+500,2023,Limpieza Manual de Cabezal de Alcantarilla T2,ml,2023-09-13,125+367,125+369,12
km 125+300 - 125+500,2023,Limpieza Manual de Cuneta de Vía T2,ml,2023-09-14,113+260,133+300,40
km 125+300 - 125+500,2023,Limpieza Manual de Cuneta de Vía T2,ml,2023-09-25,125+420,125+620,200
km 125+300 - 125+500,2023,Limpieza de carril/pista y bermas T2,m2,2023-09-25,125+440,125+540,100
km 125+300 - 125+500,2023,Limpieza Manual de Cuneta de Vía T2,ml,2023-10-01,125+420,125+520,100
km 125+300 - 125+500,2023,Limpieza Manual de Zanjas de Coronación T2,ml,2023-10-12,125+394,125+494,100
km 125+300 - 125+500,2023,Limpieza Manual de Zanjas de Coronación T2,ml,2023-10-12,125+394,125+495,100
km 125+300 - 125+500,2023,Limpieza Manual de Zanjas de Coronación T2,ml,2023-10-12,125+394,125+495,100
km 125+300 - 125+500,2023,Limpieza de Cajas de Inspección Subdren T2,und,2023-10-12,125+394,125+494,2
km 125+300 - 125+500,2023,Limpieza de Cajas de Inspección Subdren T2,und,2023-10-12,125+394,125+494,2
km 125+300 - 125+500,2023,Reparación de las Estructuras de Contención (gabión) T2,m3,2023-10-12,125+394,125+494,0.1
km 125+300 - 125+500,2023,Limpieza de Superfície de Concreto y Dispos. Drenaje T2,ml,2023-10-12,125+394,125+494,14
km 125+300 - 125+500,2023,Limpieza de Superfície de Concreto y Dispos. Drenaje T2,ml,2023-10-12,125+394,125+494,80
km 125+300 - 125+500,2023,Limpieza de Superfície de Concreto y Dispos. Drenaje T2,ml,2023-10-12,125+394,125+495,20
km 125+300 - 125+500,2024,Limpieza Manual de Cuneta de Vía T2,ml,2023-12-29,125+500,125+550,50
km 125+300 - 125+500,2024,Limpieza Manual de Zanjas de Coronación T2,ml,2024-01-10,125+394,125+495,101
km 125+300 - 125+500,2024,Limpieza de Cajas de Inspección Subdren T2,und,2024-01-10,125+394,125+410,12
km 125+300 - 125+500,2024,Limpieza de Cajas de Inspección Subdren T2,und,2024-01-10,125+394,125+396,13
km 125+300 - 125+500,2024,Desbroce Manual T2,m2,2024-01-16,125+000,126+000,3000
km 125+300 - 125+500,2024,Limpieza Manual de Zanjas de Coronación T2,ml,2024-02-06,125+394,125+495,101
km 125+300 - 125+500,2024,Limpieza de Cajas de Inspección Subdren T2,und,2024-02-06,125+394,125+394,1
km 125+300 - 125+500,2024,Limpieza de Superfície de Concreto y Dispos. Drenaje T2,ml,2024-02-06,125+394,125+495,10
km 125+300 - 125+500,2024,Limpieza Manual de Cuneta de Vía T2,ml,2024-03-11,94+730,947+776,99
km 125+300 - 125+500,2024,Reparación de las Estructuras de Contención (gabión) T2,m3,2024-03-14,125+394,125+495,0.1
km 125+300 - 125+500,2024,Limpieza Manual de Zanjas de Coronación T2,ml,2024-03-14,125+394,125+495,101
km 125+300 - 125+500,2024,Limpieza Manual de Cuneta de Vía T2,ml,2024-03-14,125+394,125+495,101
km 125+300 - 125+500,2024,Limpieza de carril/pista y bermas T2,m2,2024-03-18,124+230,130+050,20
km 125+300 - 125+500,2024,Limpieza de carril/pista y bermas T2,m2,2024-03-28,125+450,125+460,10
km 125+300 - 125+500,2024,Limpieza Manual de Cuneta de Vía T2,ml,2024-04-02,125+430,125+460,30
km 125+300 - 125+500,2024,Remocion de Derrumbes T2,m3,2024-04-08,125+430,125+460,45
km 125+300 - 125+500,2024,Limpieza Manual de Cuneta de Vía T2,ml,2024-04-08,125+430,125+460,30
km 125+300 - 125+500,2024,Limpieza Manual de Cuneta de Vía T2,ml,2024-05-15,15+120,151+215,15
km 125+300 - 125+500,2024,Limpieza Manual de Zanjas de Coronación T2,ml,2024-05-17,125+394,125+495,100
km 125+300 - 125+500,2024,Limpieza Manual de Zanjas de Coronación T2,ml,2024-05-17,125+394,125+495,40
km 125+300 - 125+500,2024,Limpieza de Superfície de Concreto y Dispos. Drenaje T2,ml,2024-05-17,125+394,125+495,70
km 125+300 - 125+500,2024,Limpieza Manual de Cuneta de Vía T2,ml,2024-06-04,125+394,125+495,101
km 125+300 - 125+500,2024,Limpieza de Superfície de Concreto y Dispos. Drenaje T2,ml,2024-06-04,125+394,125+495,4
km 125+300 - 125+500,2024,Limpieza de Cajas de Inspección Subdren T2,und,2024-06-04,125+394,125+495,3
km 125+300 - 125+500,2024,Desbroce Manual T2,m2,2024-06-21,125+000,125+800,2400
km 125+300 - 125+500,2024,Limpieza Manual de Cuneta de Vía T2,ml,2024-06-21,125+000,125+800,800
km 125+300 - 125+500,2025,Limpieza de carril/pista y bermas T2,m2,2024-12-23,125+380,125+450,80
km 125+300 - 125+500,2025,Limpieza Manual de Cuneta de Vía T2,ml,2024-12-23,125+400,125+450,50
km 125+300 - 125+500,2025,Limpieza de carril/pista y bermas T2,m2,2024-12-23,125+400,125+500,100
km 125+300 - 125+500,2025,Limpieza de Deslizamientos Menores < 15 m3 T2,m3,2024-12-28,125+400,125+430,15
km 125+300 - 125+500,2025,Limpieza de Deslizamientos Menores < 15 m3 T2,m3,2024-12-28,125+450,125+470,15
km 125+300 - 125+500,2025,Remocion de Derrumbes T2,m3,2025-01-03,125+420,125+440,24
km 125+300 - 125+500,2025,Limpieza Manual de Cuneta de Vía T2,ml,2025-01-03,125+430,125+450,100
km 125+300 - 125+500,2025,Limpieza de carril/pista y bermas T2,m2,2025-01-04,125+420,125+440,20
km 125+300 - 125+500,2025,Limpieza Manual de Cuneta de Vía T2,ml,2025-01-07,125+394,125+495,50
km 125+300 - 125+500,2025,Limpieza Manual de Cuneta de Vía T2,ml,2025-01-07,125+394,125+495,50
km 125+300 - 125+500,2025,Limpieza Manual de Cuneta de Vía T2,ml,2025-01-07,125+420,125+440,45
km 125+300 - 125+500,2025,Remocion de Derrumbes T2,m3,2025-01-07,125+420,125+440,36
km 125+300 - 125+500,2025,Remocion de Derrumbes T2,m3,2025-01-08,125+420,125+440,36
km 125+300 - 125+500,2025,Desbroce Manual T2,m2,2025-01-08,125+500,125+700,600
km 125+300 - 125+500,2025,Desbroce Manual T2,m2,2025-01-08,125+500,125+700,200
km 125+300 - 125+500,2025,Remocion de Derrumbes T2,m3,2025-01-09,125+420,125+440,36
km 125+300 - 125+500,2025,Reparación Parcial de Delineador T2,und,2025-01-10,125+000,125+320,10
km 125+300 - 125+500,2025,Remocion de Derrumbes T2,m3,2025-01-10,125+420,125+440,108
km 125+300 - 125+500,2025,Remocion de Derrumbes T2,m3,2025-01-11,125+420,125+440,120
km 125+300 - 125+500,2025,Remocion de Derrumbes T2,m3,2025-01-12,125+420,125+440,72
km 125+300 - 125+500,2025,Limpieza de carril/pista y bermas T2,m2,2025-01-15,125+400,125+500,200
km 125+300 - 125+500,2025,Reparación de Bache Superficial T2,m2,2025-01-15,125+400,125+450,10
km 125+300 - 125+500,2025,Limpieza Manual de Cuneta de Vía T2,ml,2025-01-15,125+470,125+440,20
km 125+300 - 125+500,2025,Limpieza de carril/pista y bermas T2,m2,2025-01-20,125+430,125+450,20
km 125+300 - 125+500,2025,Limpieza Manual de Cuneta de Vía T2,ml,2025-01-23,125+400,125+480,26
km 125+300 - 125+500,2025,Remocion de Derrumbes T2,m3,2025-01-23,125+400,125+480,24
km 125+300 - 125+500,2025,Limpieza de carril/pista y bermas T2,m2,2025-01-25,125+440,125+460,60
km 125+300 - 125+500,2025,Limpieza de carril/pista y bermas T2,m2,2025-01-26,125+440,125+450,40
km 125+300 - 125+500,2025,Limpieza de Deslizamientos Menores < 15 m3 T2,m3,2025-01-27,125+400,125+440,36
km 125+300 - 125+500,2025,Desbroce Manual T2,m2,2025-01-31,124+400,127+480,250
km 125+300 - 125+500,2025,Limpieza Manual de Cuneta de Vía T2,ml,2025-02-01,125+400,125+440,30
km 125+300 - 125+500,2025,Limpieza Manual de Cuneta de Vía T2,ml,2025-02-02,125+400,125+440,105
km 125+300 - 125+500,2025,Limpieza Manual de Cuneta de Vía T2,ml,2025-02-06,125+400,125+370,100
km 125+300 - 125+500,2025,Limpieza Manual de Cuneta de Vía T2,ml,2025-02-06,125+400,125+440,15
km 125+300 - 125+500,2025,Limpieza de carril/pista y bermas T2,m2,2025-02-09,125+400,125+440,40
km 125+300 - 125+500,2025,Limpieza de carril/pista y bermas T2,m2,2025-02-11,125+400,125+420,20
km 125+300 - 125+500,2025,Limpieza de carril/pista y bermas T2,m2,2025-02-11,125+430,125+460,30
km 125+300 - 125+500,2025,Limpieza Manual de Cuneta de Vía T2,ml,2025-02-12,125+300,125+400,100
km 125+300 - 125+500,2025,Limpieza Manual de Cuneta de Vía T2,ml,2025-02-12,125+400,125+500,100
km 125+300 - 125+500,2025,Limpieza Manual de Cuneta de Vía T2,ml,2025-02-13,125+394,125+495,90
km 125+300 - 125+500,2025,Limpieza de Cajas de Inspección Subdren T2,und,2025-02-13,125+394,125+490,3
km 125+300 - 125+500,2025,Limpieza Manual de Cuneta de Vía T2,ml,2025-02-14,125+400,125+440,40
km 125+300 - 125+500,2025,Limpieza Manual de Cuneta de Vía T2,ml,2025-02-15,125+400,125+440,120
km 125+300 - 125+500,2025,Limpieza Manual de Cuneta de Vía T2,ml,2025-02-16,125+400,125+440,150
km 125+300 - 125+500,2025,Limpieza Manual de Cuneta de Vía T2,ml,2025-02-17,125+400,125+440,300
km 125+300 - 125+500,2025,Limpieza Manual de Cuneta de Vía T2,ml,2025-02-18,125+400,125+440,105
km 125+300 - 125+500,2025,Limpieza Manual de Cuneta de Vía T2,ml,2025-02-20,125+400,125+440,4
km 125+300 - 125+500,2025,Limpieza de carril/pista y bermas T2,m2,2025-02-22,125+440,125+460,20
km 125+300 - 125+500,2025,Remocion de Derrumbes T2,m3,2025-02-23,125+400,125+450,72
km 125+300 - 125+500,2025,Limpieza de Deslizamientos Menores < 15 m3 T2,m3,2025-03-02,125+400,125+440,15
km 125+300 - 125+500,2025,Remocion de Derrumbes T2,m3,2025-03-03,125+400,125+450,72
km 125+300 - 125+500,2025,Limpieza Manual de Zanjas de Coronación T2,ml,2025-03-04,125+400,125+440,253
km 125+300 - 125+500,2025,Remocion de Derrumbes T2,m3,2025-03-04,125+400,125+450,108
km 125+300 - 125+500,2025,Remocion de Derrumbes T2,m3,2025-03-05,125+400,125+450,264
km 125+300 - 125+500,2025,Limpieza de Superfície de Concreto y Dispos. Drenaje T2,ml,2025-03-06,125+394,125+495,40
km 125+300 - 125+500,2025,Limpieza de Superfície de Concreto y Dispos. Drenaje T2,ml,2025-03-06,125+394,125+495,40
km 125+300 - 125+500,2025,Limpieza Manual de Zanjas de Coronación T2,ml,2025-03-06,125+394,125+495,101
km 125+300 - 125+500,2025,Limpieza de Cajas de Inspección Subdren T2,und,2025-03-06,125+394,125+495,2
km 125+300 - 125+500,2025,Remocion de Derrumbes T2,m3,2025-03-06,125+400,125+450,300
km 125+300 - 125+500,2025,Remocion de Derrumbes T2,m3,2025-03-07,125+400,125+450,252
km 125+300 - 125+500,2025,Limpieza de Postes de Señalización Vertical T2,und,2025-03-07,68+239,168+239,1
km 125+300 - 125+500,2025,Limpieza de Placas de Señalización Vertical T2,m2,2025-03-07,68+239,168+239,0.5625
km 125+300 - 125+500,2025,Limpieza Manual de Cuneta de Vía T2,ml,2025-03-10,125+500,125+400,100
km 125+300 - 125+500,2025,Desbroce Manual T2,m2,2025-03-11,124+000,143+000,6000
km 125+300 - 125+500,2025,Limpieza de carril/pista y bermas T2,m2,2025-03-11,125+400,125+460,60
km 125+300 - 125+500,2025,Desbroce Manual T2,m2,2025-03-12,125+000,125+400,1200
km 125+300 - 125+500,2025,Limpieza Manual de Cuneta de Vía T2,ml,2025-03-12,125+000,125+400,400
km 125+300 - 125+500,2025,Limpieza de Juntas en Cunetas y Bermas,ml,2025-03-12,125+000,125+400,226.66666666666666
km 125+300 - 125+500,2025,Limpieza de carril/pista y bermas T2,m2,2025-03-12,125+400,125+460,120
km 125+300 - 125+500,2025,Remocion de Derrumbes T2,m3,2025-03-13,125+400,125+440,120
km 125+300 - 125+500,2025,Remocion de Derrumbes T2,m3,2025-03-14,125+400,125+440,132
km 125+300 - 125+500,2025,Limpieza de Deslizamientos Menores < 15 m3 T2,m3,2025-03-16,125+400,125+440,15
km 125+300 - 125+500,2025,Remocion de Derrumbes T2,m3,2025-03-16,125+400,125+440,84
km 125+300 - 125+500,2025,Remocion de Derrumbes T2,m3,2025-03-17,125+400,125+440,144
km 125+300 - 125+500,2025,Remocion de Derrumbes T2,m3,2025-03-18,125+400,125+440,165
km 125+300 - 125+500,2025,Remocion de Derrumbes T2,m3,2025-03-19,125+400,125+440,15
km 125+300 - 125+500,2025,Remocion de Derrumbes T2,m3,2025-03-20,125+400,125+440,360
km 125+300 - 125+500,2025,Limpieza de Parapetos Veredas de Concreto T2,m2,2025-03-20,125+400,125+440,12
km 125+300 - 125+500,2025,Limpieza de carril/pista y bermas T2,m2,2025-03-24,125+100,125+300,400
km 125+300 - 125+500,2025,Limpieza de carril/pista y bermas T2,m2,2025-03-24,125+300,125+500,400
km 125+300 - 125+500,2025,Limpieza Manual de Cuneta de Vía T2,ml,2025-03-24,125+400,125+550,150
km 125+300 - 125+500,2025,Limpieza de carril/pista y bermas T2,m2,2025-03-24,125+500,125+700,400
km 125+300 - 125+500,2025,Remocion de Derrumbes T2,m3,2025-03-27,125+400,125+440,105
km 125+300 - 125+500,2025,Remocion de Derrumbes T2,m3,2025-03-28,125+400,125+440,330
km 125+300 - 125+500,2025,Desbroce Manual T2,m2,2025-03-29,123+800,136+300,1500
km 125+300 - 125+500,2025,Limpieza Manual de Cuneta de Vía T2,ml,2025-04-02,124+650,127+700,50
km 125+300 - 125+500,2025,Limpieza de carril/pista y bermas T2,m2,2025-04-03,125+500,125+700,200
km 125+300 - 125+500,2025,Limpieza de carril/pista y bermas T2,m2,2025-04-07,125+400,125+430,60
km 125+300 - 125+500,2025,Reparación Parcial de Delineador T2,und,2025-04-14,125+260,125+313,12
km 125+300 - 125+500,2025,Limpieza Manual de Cuneta de Vía T2,ml,2025-04-14,125+394,125+495,80
km 125+300 - 125+500,2025,Limpieza de Cajas de Inspección Subdren T2,und,2025-04-14,125+394,125+495,2
km 125+300 - 125+500,2025,Remocion de Derrumbes T2,m3,2025-04-14,125+400,125+440,225
km 125+300 - 125+500,2025,Limpieza de carril/pista y bermas T2,m2,2025-04-15,125+400,125+480,120
km 125+300 - 125+500,2025,Limpieza de carril/pista y bermas T2,m2,2025-04-16,125+000,125+400,400
km 125+300 - 125+500,2025,Limpieza de Guardavías T2,ml,2025-04-16,125+400,125+450,50
km 125+300 - 125+500,2025,Limpieza de carril/pista y bermas T2,m2,2025-04-16,125+500,125+900,600
km 125+300 - 125+500,2025,Repintado de delineador T2,und,2025-04-21,125+260,125+310,8
km 125+300 - 125+500,2025,Remocion de Derrumbes T2,m3,2025-05-01,125+400,125+440,45
km 125+300 - 125+500,2025,Remocion de Derrumbes T2,m3,2025-05-02,125+400,125+440,60
km 125+300 - 125+500,2025,Limpieza de carril/pista y bermas T2,m2,2025-05-05,125+500,125+530,30
km 125+300 - 125+500,2025,Limpieza Manual de Cabezal de Alcantarilla T2,ml,2025-05-09,120+290,129+290,12
km 125+300 - 125+500,2025,Limpieza Manual de Cuneta de Vía T2,ml,2025-05-09,123+030,128+040,10
km 125+300 - 125+500,2025,Limpieza Manual de Cabezal de Alcantarilla T2,ml,2025-05-15,13+620,130+620,12
km 125+300 - 125+500,2025,Limpieza Manual de Cuneta de Vía T2,ml,2025-05-22,125+394,125+495,96
km 125+300 - 125+500,2025,Limpieza de Cajas de Inspección Subdren T2,und,2025-05-22,125+394,125+495,2
km 125+300 - 125+500,2025,Limpieza de Cajas de Inspección Subdren T2,und,2025-05-22,125+394,125+495,2
km 125+300 - 125+500,2025,Limpieza de carril/pista y bermas T2,m2,2025-06-03,125+400,125+460,100
km 125+300 - 125+500,2025,Desbroce Manual T2,m2,2025-06-26,45+330,145+460,340
km 125+300 - 125+500,2025,Limpieza Manual de Cuneta de Vía T2,ml,2025-06-27,125+394,125+495,101
km 125+300 - 125+500,2025,Limpieza de Superfície de Concreto y Dispos. Drenaje T2,ml,2025-06-27,125+394,125+495,101
km 125+300 - 125+500,2025,Limpieza de Cajas de Inspección Subdren T2,und,2025-06-27,125+394,125+495,2
km 125+300 - 125+500,2025,Limpieza Manual de Cuneta de Vía T2,ml,2025-06-30,125+400,125+440,12
km 125+300 - 125+500,2025,Pintura o Reaplicación por Aspersión T2,ml,2025-07-03,121+400,241+203,12
km 125+300 - 125+500,2025,Limpieza Manual de Cuneta de Vía T2,ml,2025-07-04,125+394,125+495,120
km 125+300 - 125+500,2025,Limpieza de Superfície de Concreto y Dispos. Drenaje T2,ml,2025-07-04,125+394,125+495,160
km 125+300 - 125+500,2025,Reposición de Tachas Reflectivas T2,und,2025-07-18,13+500,135+400,6
km 125+300 - 125+500,2025,Desbroce Manual T2,m2,2025-07-22,125+000,125+300,300
km 125+300 - 125+500,2025,Pintura o Reaplicación por Aspersión T2,ml,2025-08-08,112+950,133+100,30
km 125+300 - 125+500,2025,Reparación Parcial de Delineador T2,und,2025-08-13,125+300,125+320,6
km 125+300 - 125+500,2025,Limpieza Manual de Cuneta de Vía T2,ml,2025-08-13,125+394,125+495,100
km 125+300 - 125+500,2025,Limpieza Manual de Cuneta de Vía T2,ml,2025-08-13,125+394,125+495,100
km 125+300 - 125+500,2025,Reposición de Tachas Reflectivas T2,und,2025-08-13,125+500,126+000,110
km 125+300 - 125+500,2025,Reposición de Tachas Reflectivas T2,und,2025-08-13,125+500,126+000,180
km 125+300 - 125+500,2025,Pintura o Reaplicación por Aspersión T2,ml,2025-08-29,125+340,125+480,28
km 125+300 - 125+500,2025,Limpieza Manual de Cuneta de Vía T2,ml,2025-09-06,124+900,125+300,400
km 125+300 - 125+500,2025,Limpieza Manual de Cuneta de Vía T2,ml,2025-09-06,125+000,125+300,300
km 125+300 - 125+500,2025,Limpieza de carril/pista y bermas T2,m2,2025-09-06,125+000,125+500,250
km 125+300 - 125+500,2025,Repintado de delineador T2,und,2025-09-06,125+200,125+400,15
km 125+300 - 125+500,2025,Limpieza de carril/pista y bermas T2,m2,2025-09-07,125+000,125+500,250
km 125+300 - 125+500,2025,Limpieza Manual de Cuneta de Vía T2,ml,2025-09-15,125+394,125+495,80
km 125+300 - 125+500,2025,Limpieza Manual de Zanjas de Coronación T2,ml,2025-09-15,125+394,125+495,101
km 125+300 - 125+500,2025,Limpieza de Superfície de Concreto y Dispos. Drenaje T2,ml,2025-09-15,125+394,125+495,101
km 125+300 - 125+500,2025,Reparación de las Estructuras de Contención (gabión) T2,m3,2025-09-15,125+394,125+495,0.1
km 125+300 - 125+500,2025,Limpieza Manual de Cuneta de Vía T2,ml,2025-10-04,125+400,125+550,150
km 125+300 - 125+500,2025,Desbroce Manual T2,m2,2025-10-05,28+300,128+500,1200
km 125+300 - 125+500,2025,Limpieza de carril/pista y bermas T2,m2,2025-10-13,125+400,125+500,50
km 125+300 - 125+500,2025,Desbroce Manual T2,m2,2025-10-27,124+900,125+300,1200
km 125+300 - 125+500,2025,Limpieza Manual de Cuneta de Vía T2,ml,2025-10-27,124+900,125+300,400
km 125+300 - 125+500,2025,Desbroce Manual T2,m2,2025-10-27,125+300,125+500,600
km 125+300 - 125+500,2025,Limpieza Manual de Cuneta de Vía T2,ml,2025-10-27,125+300,125+500,200
km 125+300 - 125+500,2025,Limpieza Manual de Cuneta de Vía T2,ml,2025-10-27,125+394,125+495,99
km 125+300 - 125+500,2025,Limpieza Manual de Zanjas de Coronación T2,ml,2025-10-27,125+394,125+495,101
km 125+300 - 125+500,2025,Limpieza de Cajas de Inspección Subdren T2,und,2025-10-27,125+394,125+495,4
km 125+300 - 125+500,2025,Pintura o Reaplicación por Aspersión T2,ml,2025-10-27,125+400,125+500,11
km 125+300 - 125+500,2025,Limpieza Manual de Cuneta de Vía T2,ml,2025-10-27,125+420,125+410,10
km 125+300 - 125+500,2025,Repintado de Postes de Señalización Vertical T2,m2,2025-10-27,125+420,125+420,1.56
km 125+300 - 125+500,2025,Repintado de Postes de Señalización Vertical T2,m2,2025-10-27,125+423,125+423,1.56
km 125+300 - 125+500,2025,Repintado de Postes de Señalización Vertical T2,m2,2025-10-27,125+440,125+440,1.56
km 125+300 - 125+500,2025,Limpieza Residuos Sólidos / Basuras,m2,2025-11-03,123+250,128+300,50
km 125+300 - 125+500,2025,Limpieza de Cauces T2,ml,2025-11-03,125+430,125+460,180
km 125+300 - 125+500,2025,Limpieza de Cauces T2,ml,2025-11-04,125+430,125+460,180
km 125+300 - 125+500,2025,Limpieza Residuos Sólidos / Basuras,m2,2025-11-05,122+900,133+000,100
km 125+300 - 125+500,2025,Limpieza Manual de Cuneta de Vía T2,ml,2025-11-10,125+400,125+450,50
km 125+300 - 125+500,2025,Limpieza Manual de Cuneta de Vía T2,ml,2025-11-10,125+440,125+500,60
km 125+300 - 125+500,2025,Limpieza Manual de Cuneta de Vía T2,ml,2025-11-19,125+400,125+450,50
km 125+300 - 125+500,2025,Limpieza de Guardavías T2,ml,2025-12-02,125+425,125+465,8
km 125+300 - 125+500,2025,Limpieza Manual de Cuneta de Vía T2,ml,2025-12-10,125+400,125+450,600
km 125+300 - 125+500,2025,Limpieza Manual de Zanjas de Coronación T2,ml,2025-12-16,125+394,125+495,180
km 125+300 - 125+500,2025,Limpieza de Cajas de Inspección Subdren T2,und,2025-12-16,125+394,125+495,2
km 125+300 - 125+500,2025,Limpieza de Superfície de Concreto y Dispos. Drenaje T2,ml,2025-12-16,125+394,125+495,220
km 125+300 - 125+500,2025,Reparación de las Estructuras de Contención (gabión) T2,m3,2025-12-16,125+394,125+495,0.1
km 125+300 - 125+500,2026,Desbroce Manual T2,m2,2025-12-24,124+900,125+400,1500
km 125+300 - 125+500,2026,Limpieza Manual de Cuneta de Vía T2,ml,2025-12-24,125+000,125+400,400
km 125+300 - 125+500,2026,Reparación Parcial de Delineador T2,und,2025-12-24,125+250,125+300,16
km 125+300 - 125+500,2026,Limpieza Manual de Cuneta de Vía T2,ml,2025-12-24,125+340,125+350,10
km 125+300 - 125+500,2026,Limpieza Manual de Cuneta de Vía T2,ml,2025-12-24,125+400,125+440,40
km 125+300 - 125+500,2026,Remocion de Derrumbes T2,m3,2026-01-07,125+410,125+470,75
km 125+300 - 125+500,2026,Limpieza Manual de Zanjas de Coronación T2,ml,2026-01-14,125+394,125+495,101
km 125+300 - 125+500,2026,Limpieza de Superfície de Concreto y Dispos. Drenaje T2,ml,2026-01-14,125+394,125+495,101
km 125+300 - 125+500,2026,Remocion de Derrumbes T2,m3,2026-01-14,125+420,125+480,160
km 125+300 - 125+500,2026,Remocion de Derrumbes T2,m3,2026-01-15,125+420,125+480,120
km 125+300 - 125+500,2026,Limpieza Manual de Cabezal de Alcantarilla T2,ml,2026-01-15,125+420,125+420,14
km 125+300 - 125+500,2026,Limpieza Manual de Cuneta de Vía T2,ml,2026-01-15,125+500,125+600,220
km 125+300 - 125+500,2026,Limpieza Manual de Cuneta de Vía T2,ml,2026-01-18,125+400,125+500,100
km 125+300 - 125+500,2026,Limpieza de carril/pista y bermas T2,m2,2026-01-18,125+400,125+600,200
km 125+300 - 125+500,2026,Limpieza de carril/pista y bermas T2,m2,2026-01-18,125+420,125+480,60
km 125+300 - 125+500,2026,Limpieza de carril/pista y bermas T2,m2,2026-01-19,122+980,128+000,60
km 125+300 - 125+500,2026,Limpieza Manual de Cuneta de Vía T2,ml,2026-01-20,107+900,170+970,70
km 125+300 - 125+500,2026,Remocion de Derrumbes T2,m3,2026-01-23,125+420,125+480,105
km 125+300 - 125+500,2026,Remocion de Derrumbes T2,m3,2026-01-24,125+420,125+480,45
km 125+300 - 125+500,2026,Remocion de Derrumbes T2,m3,2026-01-25,125+420,125+480,120
km 125+300 - 125+500,2026,Remocion de Derrumbes T2,m3,2026-01-26,125+420,125+480,150
km 125+300 - 125+500,2026,Remocion de Derrumbes T2,m3,2026-01-29,125+420,125+480,60
km 125+300 - 125+500,2026,Limpieza de carril/pista y bermas T2,m2,2026-01-30,125+420,125+480,60
km 125+300 - 125+500,2026,Remocion de Derrumbes T2,m3,2026-02-01,125+420,125+480,150
km 125+300 - 125+500,2026,Remocion de Derrumbes T2,m3,2026-02-05,125+420,125+470,300
km 125+300 - 125+500,2026,Limpieza de carril/pista y bermas T2,m2,2026-02-05,125+420,125+500,160
km 125+300 - 125+500,2026,Limpieza de Superfície de Concreto y Dispos. Drenaje T2,ml,2026-02-12,125+394,125+495,220
km 125+300 - 125+500,2026,Limpieza de Cajas de Inspección Subdren T2,und,2026-02-12,125+394,125+495,1
km 125+300 - 125+500,2026,Reparación de las Estructuras de Contención (gabión) T2,m3,2026-02-12,125+394,125+495,0.2
km 125+300 - 125+500,2026,Limpieza de Superfície de Concreto y Dispos. Drenaje T2,ml,2026-02-12,125+394,125+495,80
km 125+300 - 125+500,2026,Remocion de Derrumbes T2,m3,2026-02-18,125+420,125+480,210
km 125+300 - 125+500,2026,Limpieza de carril/pista y bermas T2,m2,2026-02-18,125+420,125+480,120
km 125+300 - 125+500,2026,Limpieza Manual de Cuneta de Vía T2,ml,2026-02-19,125+000,125+300,300
km 125+300 - 125+500,2026,Desbroce Manual T2,m2,2026-02-19,125+300,125+500,400
km 125+300 - 125+500,2026,Limpieza Manual de Cuneta de Vía T2,ml,2026-02-19,125+300,125+700,400
km 125+300 - 125+500,2026,Limpieza de carril/pista y bermas T2,m2,2026-02-19,125+400,125+700,300
km 125+300 - 125+500,2026,Limpieza de carril/pista y bermas T2,m2,2026-02-23,125+300,125+480,20
km 125+300 - 125+500,2026,Limpieza Manual de Cuneta de Vía T2,ml,2026-02-24,125+340,125+350,10
km 125+300 - 125+500,2026,Limpieza Manual de Cabezal de Alcantarilla T2,ml,2026-02-24,125+355,125+355,12
km 146+500 - 146+520,2018,Limpieza Manual de Cabezal de Alcantarilla T2,ml,2018-01-08,116+250,162+260,30
km 146+500 - 146+520,2018,Desbroce Manual T2,m2,2018-01-11,116+600,166+700,200
km 146+500 - 146+520,2018,Limpieza Manual de Cuneta de Vía T2,ml,2018-01-26,146+370,146+800,350
km 146+500 - 146+520,2018,Reposición de Tachas Reflectivas T2,und,2018-01-29,146+000,147+000,44
km 146+500 - 146+520,2018,Limpieza de postes (hitos) kilométricos T2,und,2018-03-06,143+000,160+000,18
km 146+500 - 146+520,2018,Limpieza Manual de Cuneta de Vía T2,ml,2018-04-02,146+000,146+600,600
km 146+500 - 146+520,2018,Limpieza Manual de Cuneta de Vía T2,ml,2018-04-02,146+450,146+800,20
km 146+500 - 146+520,2018,Limpieza Manual de Cuneta de Vía T2,ml,2018-05-30,146+000,147+000,1000
km 146+500 - 146+520,2018,Limpieza de juntas de cuneta de vía,ml,2018-05-30,146+000,147+000,566.6666666666666
km 146+500 - 146+520,2018,Limpieza Manual de Cabezal de Alcantarilla T2,ml,2018-06-11,146+518,146+518,8
km 146+500 - 146+520,2018,Reposición de Tachas Reflectivas T2,und,2018-06-14,141+000,147+000,220
km 146+500 - 146+520,2018,Reparación de Bache Superficial T2,m2,2018-06-18,146+512,146+512,0.01
km 146+500 - 146+520,2018,Reparación de Bache Superficial T2,m2,2018-06-18,146+517,146+517,0.01
km 146+500 - 146+520,2018,Reparación de Bache Superficial T2,m2,2018-06-18,146+517,146+517,0.01
km 146+500 - 146+520,2018,Desbroce Manual T2,m2,2018-06-19,146+000,147+000,5000
km 146+500 - 146+520,2018,Limpieza de juntas de cuneta de vía,ml,2018-06-19,146+000,147+000,566.6666666666666
km 146+500 - 146+520,2018,Limpieza Manual de Cuneta de Vía T2,ml,2018-06-26,146+000,147+000,1000
km 146+500 - 146+520,2018,Limpieza de carril/pista y bermas T2,m2,2018-07-07,109+200,198+400,30
km 146+500 - 146+520,2018,Limpieza Manual de Cuneta de Vía T2,ml,2018-07-12,146+500,146+510,10
km 146+500 - 146+520,2018,Limpieza manual de juntas de cuneta de vía,ml,2018-08-10,146+000,147+000,566.6666666666666
km 146+500 - 146+520,2018,Limpieza de carril/pista y bermas T2,m2,2018-10-13,141+000,246+000,576
km 146+500 - 146+520,2018,Limpieza de carril/pista y bermas T2,m2,2018-10-14,141+000,246+000,900
km 146+500 - 146+520,2018,Limpieza manual de juntas de cuneta de vía,ml,2018-12-13,144+500,147+000,850
km 146+500 - 146+520,2018,Limpieza Manual de Cuneta de Vía T2,ml,2018-12-13,144+500,147+000,1500
km 146+500 - 146+520,2018,Limpieza de Placas de Señalización Vertical T2,m2,2018-12-13,144+500,147+000,11.25
km 146+500 - 146+520,2018,Limpieza de Placas de Señalización Vertical T2,m2,2018-12-13,144+500,147+000,9.6
km 146+500 - 146+520,2018,Desbroce Manual T2,m2,2018-12-13,146+000,147+000,6000
km 146+500 - 146+520,2019,Limpieza Manual / Mecanizada T2,ml,2019-01-02,146+500,146+510,1
km 146+500 - 146+520,2019,Limpieza Manual de Cuneta de Vía T2,ml,2019-01-09,146+300,146+830,4
km 146+500 - 146+520,2019,Limpieza manual de juntas de cuneta de vía,ml,2019-02-20,145+300,146+500,680
km 146+500 - 146+520,2019,Remocion de Derrumbes T2,m3,2019-02-21,146+500,146+550,570
km 146+500 - 146+520,2019,Remocion de Derrumbes T2,m3,2019-02-22,146+500,146+550,885
km 146+500 - 146+520,2019,Limpieza de Delineador T2,und,2019-02-22,146+500,146+700,13
km 146+500 - 146+520,2019,Remocion de Derrumbes T2,m3,2019-02-28,146+500,146+550,120
km 146+500 - 146+520,2019,Remocion de Derrumbes T2,m3,2019-03-01,146+500,146+550,120
km 146+500 - 146+520,2019,Remocion de Derrumbes T2,m3,2019-03-19,146+500,146+530,210
km 146+500 - 146+520,2019,Limpieza mecanizada de cabezal de alcantarilla T2,m3,2019-03-19,146+500,146+520,75
km 146+500 - 146+520,2019,Remocion de Derrumbes T2,m3,2019-03-19,146+500,146+560,465
km 146+500 - 146+520,2019,Remocion de Derrumbes T2,m3,2019-03-19,146+500,146+560,435
km 146+500 - 146+520,2019,Remocion de Derrumbes T2,m3,2019-03-19,146+500,146+560,315
km 146+500 - 146+520,2019,Remocion de Derrumbes T2,m3,2019-03-19,146+500,146+560,210
km 146+500 - 146+520,2019,Remocion de Derrumbes T2,m3,2019-03-19,76+980,770+000,300
km 146+500 - 146+520,2019,Limpieza de Delineador T2,und,2019-04-30,145+200,151+300,24
km 146+500 - 146+520,2019,Limpieza de Placas de Señalización Vertical T2,m2,2019-04-30,145+200,151+300,8.4375
km 146+500 - 146+520,2019,Repintado de Postes de (hitos) kilométricos T2,m2,2019-04-30,145+200,151+300,3
km 146+500 - 146+520,2019,Desbroce Manual T2,m2,2019-05-20,144+500,147+500,12000
km 146+500 - 146+520,2019,Limpieza de juntas en cunetas y berma,ml,2019-05-20,144+500,147+500,1700
km 146+500 - 146+520,2019,Limpieza Manual de Cuneta de Vía T2,ml,2019-05-20,144+500,147+500,3000
km 146+500 - 146+520,2019,Limpieza Manual de Cuerpo de Alcantarilla T2,ml,2019-06-20,146+520,146+530,10
km 146+500 - 146+520,2019,Limpieza Manual de Cuerpo de Alcantarilla T2,ml,2019-06-24,146+520,146+530,10
km 146+500 - 146+520,2019,Limpieza Manual de Cuerpo de Alcantarilla T2,ml,2019-06-25,146+520,146+530,10
km 146+500 - 146+520,2019,Limpieza Manual de Cuerpo de Alcantarilla T2,ml,2019-08-08,146+510,146+520,10
km 146+500 - 146+520,2019,Limpieza Manual de Cuerpo de Alcantarilla T2,ml,2019-08-09,146+510,146+520,10
km 146+500 - 146+520,2019,Limpieza Manual de Cuneta de Vía T2,ml,2019-08-19,146+330,146+500,170
km 146+500 - 146+520,2019,Remocion de Derrumbes T2,m3,2019-08-19,146+520,146+540,60
km 146+500 - 146+520,2019,Remocion de Derrumbes T2,m3,2019-08-20,146+520,146+540,90
km 146+500 - 146+520,2019,Limpieza mecanizada de cabezal de alcantarilla T2,m3,2019-08-20,146+520,146+530,15
km 146+500 - 146+520,2019,Limpieza Manual de Cuneta de Vía T2,ml,2019-08-22,116+000,1116+620,150
km 146+500 - 146+520,2019,Remocion de Derrumbes T2,m3,2019-08-22,146+520,146+540,30
km 146+500 - 146+520,2019,Remocion de Derrumbes T2,m3,2019-10-20,146+520,146+550,75
km 146+500 - 146+520,2019,Limpieza Manual de Cuneta de Vía T2,ml,2019-10-22,139+300,239+400,100
km 146+500 - 146+520,2019,Limpieza Manual de Cuneta de Vía T2,ml,2019-11-25,146+500,146+550,50
km 146+500 - 146+520,2019,Limpieza de Delineador T2,und,2019-11-29,146+500,146+504,2
km 146+500 - 146+520,2019,Limpieza de Juntas en Cuneta y Berma,ml,2019-12-03,146+000,147+000,566.6666666666666
km 146+500 - 146+520,2019,Limpieza Manual de Cuneta de Vía T2,ml,2019-12-04,114+500,214+600,100
km 146+500 - 146+520,2019,Limpieza mecanizada de cabezal de alcantarilla T2,m3,2019-12-22,146+520,146+530,30
km 146+500 - 146+520,2020,Limpieza de Deslizamientos Menores < 15 m3 T2,m3,2019-12-29,64+150,646+160,10
km 146+500 - 146+520,2020,Reposición de Tachas Reflectivas T2,und,2020-01-23,42+000,434+000,27
km 146+500 - 146+520,2020,Reposición de Tachas Reflectivas T2,und,2020-01-23,42+000,434+000,26
km 146+500 - 146+520,2020,Limpieza de carril/pista y bermas T2,m2,2020-02-21,126+380,196+400,20
km 146+500 - 146+520,2020,Limpieza Manual de Cuneta de Vía T2,ml,2020-03-09,146+400,146+600,200
km 146+500 - 146+520,2020,Desbroce Manual T2,m2,2020-03-10,146+400,146+800,1200
km 146+500 - 146+520,2020,Limpieza Manual de Cuneta de Vía T2,ml,2020-03-10,146+400,146+800,400
km 146+500 - 146+520,2020,Remocion de Derrumbes T2,m3,2020-03-11,146+520,146+530,180
km 146+500 - 146+520,2020,Limpieza de carril/pista y bermas T2,m2,2020-03-19,146+000,147+000,144
km 146+500 - 146+520,2020,Limpieza de carril/pista y bermas T2,m2,2020-03-19,146+500,146+520,72
km 146+500 - 146+520,2020,Limpieza de carril/pista y bermas T2,m2,2020-03-21,146+520,146+530,36
km 146+500 - 146+520,2020,Remocion de Derrumbes T2,m3,2020-03-23,146+520,146+530,240
km 146+500 - 146+520,2020,Limpieza de carril/pista y bermas T2,m2,2020-03-27,146+520,146+540,72
km 146+500 - 146+520,2020,Limpieza Manual de Cuneta de Vía T2,ml,2020-03-28,146+347,147+353,6
km 146+500 - 146+520,2020,Remocion de Derrumbes T2,m3,2020-04-01,146+440,146+500,0
km 146+500 - 146+520,2020,Remocion de Derrumbes T2,m3,2020-04-06,146+440,146+500,870
km 146+500 - 146+520,2020,Remocion de Derrumbes T2,m3,2020-04-08,146+440,146+500,45
km 146+500 - 146+520,2020,Limpieza Manual de Cuneta de Vía T2,ml,2020-04-08,146+440,146+500,120
km 146+500 - 146+520,2020,Limpieza de carril/pista y bermas T2,m2,2020-04-09,146+500,146+900,572.4
km 146+500 - 146+520,2020,Limpieza de carril/pista y bermas T2,m2,2020-04-21,146+480,146+520,144
km 146+500 - 146+520,2020,Remocion de Derrumbes T2,m3,2020-04-21,146+520,146+535,270
km 146+500 - 146+520,2020,Remocion de Derrumbes T2,m3,2020-04-22,146+520,146+535,45
km 146+500 - 146+520,2020,Remocion de Derrumbes T2,m3,2020-04-23,146+520,146+535,135
km 146+500 - 146+520,2020,Repintado de Postes de Señalización Vertical T2,m2,2020-04-28,146+300,146+700,4.5
km 146+500 - 146+520,2020,Repintado de Postes de Señalización Vertical T2,m2,2020-04-28,146+300,146+700,3.6
km 146+500 - 146+520,2020,Reposición de Defensas Averiadas T2,ml,2020-08-04,133+155,153+200,36
km 146+500 - 146+520,2020,Reposición de Delineador T2,und,2020-08-11,146+485,146+510,5
km 146+500 - 146+520,2020,Repintado de delineador T2,und,2020-08-11,146+485,146+510,5
km 146+500 - 146+520,2020,Desbroce Manual T2,m2,2020-09-16,143+590,150+700,660
km 146+500 - 146+520,2020,Limpieza Manual de Cuneta de Vía T2,ml,2020-10-19,22+530,222+600,70
km 146+500 - 146+520,2020,Limpieza Manual de Cuneta de Vía T2,ml,2020-10-26,146+360,146+820,220
km 146+500 - 146+520,2020,Limpieza de Juntas en Cunetas y Bermas,ml,2020-10-26,146+360,146+820,124.66666666666667
km 146+500 - 146+520,2020,Limpieza Manual de Cabezal de Alcantarilla T2,ml,2020-12-01,146+520,146+520,4
km 146+500 - 146+520,2020,Desbroce Manual T2,m2,2020-12-10,146+000,146+500,150
km 146+500 - 146+520,2020,Limpieza Manual de Cuneta de Vía T2,ml,2020-12-10,146+000,146+500,500
km 146+500 - 146+520,2020,Limpieza de Juntas en Cunetas y Bermas,ml,2020-12-10,146+000,146+500,283.3333333333333
km 146+500 - 146+520,2020,Limpieza de Juntas en Cunetas y Bermas,ml,2020-12-10,25+305,169+500,85
km 146+500 - 146+520,2020,Limpieza Manual de Cuneta de Vía T2,ml,2020-12-10,25+320,171+500,5
km 146+500 - 146+520,2020,Limpieza de Juntas en Cunetas y Bermas,ml,2020-12-10,25+750,168+400,25.5
km 146+500 - 146+520,2021,Desbroce Manual T2,m2,2021-01-05,146+500,147+000,3000
km 146+500 - 146+520,2021,Limpieza Manual de Cuneta de Vía T2,ml,2021-01-05,146+500,148+000,1500
km 146+500 - 146+520,2021,Limpieza de Juntas en Cunetas y Bermas,ml,2021-01-05,146+500,148+000,850
km 146+500 - 146+520,2021,Limpieza Manual de Cuneta de Vía T2,ml,2021-02-02,146+078,146+538,230
km 146+500 - 146+520,2021,Limpieza de Juntas en Cunetas y Bermas,ml,2021-02-02,146+078,146+538,260.6666666666667
km 146+500 - 146+520,2021,Remocion de Derrumbes T2,m3,2021-02-02,146+443,146+550,180
km 146+500 - 146+520,2021,Limpieza Manual de Cuneta de Vía T2,ml,2021-02-03,146+078,146+538,239
km 146+500 - 146+520,2021,Desbroce Manual T2,m2,2021-03-03,121+500,192+000,3000
km 146+500 - 146+520,2021,Repintado de Postes de Señalización Vertical T2,m2,2021-03-08,119+000,180+000,6.24
km 146+500 - 146+520,2021,Limpieza de Postes de Señalización Vertical T2,und,2021-03-08,119+000,180+000,4
km 146+500 - 146+520,2021,Limpieza de Deslizamientos Menores < 15 m3 T2,m3,2021-03-27,146+455,146+505,15
km 146+500 - 146+520,2021,Limpieza Manual de Cuneta de Vía T2,ml,2021-03-29,132+150,232+480,300
km 146+500 - 146+520,2021,Limpieza de Juntas en Cunetas y Bermas,ml,2021-03-29,132+150,232+480,170
km 146+500 - 146+520,2021,Limpieza Manual de Cuneta de Vía T2,ml,2021-04-03,146+500,146+510,10
km 146+500 - 146+520,2021,Limpieza Manual de Cuerpo de Alcantarilla T2,ml,2021-04-05,17+248,172+498,8
km 146+500 - 146+520,2021,Limpieza de postes (hitos) kilométricos T2,und,2021-04-07,140+300,231+510,1
km 146+500 - 146+520,2021,Limpieza Manual de Cuneta de Vía T2,ml,2021-04-16,102+000,162+000,100
km 146+500 - 146+520,2021,Desbroce Manual T2,m2,2021-05-18,146+000,147+000,6000
km 146+500 - 146+520,2021,Limpieza Manual de Cuneta de Vía T2,ml,2021-05-18,146+000,146+700,700
km 146+500 - 146+520,2021,Limpieza de Juntas en Cunetas y Bermas,ml,2021-05-18,146+000,146+700,396.6666666666667
km 146+500 - 146+520,2021,Desbroce Manual T2,m2,2021-06-24,19+600,196+900,50
km 146+500 - 146+520,2021,Limpieza Residuos Sólidos / Basuras,m2,2021-09-13,146+200,146+900,30
km 146+500 - 146+520,2021,Reposición de Tachas Reflectivas T2,und,2021-11-09,146+440,146+500,11
km 146+500 - 146+520,2021,Reposición de Tachas Reflectivas T2,und,2021-11-09,146+520,146+544,13
km 146+500 - 146+520,2021,Limpieza de carril/pista y bermas T2,m2,2021-11-20,116+700,166+800,50
km 146+500 - 146+520,2021,Limpieza Manual de Cabezal de Alcantarilla T2,ml,2021-12-06,146+520,146+520,12
km 146+500 - 146+520,2022,Limpieza Residuos Sólidos / Basuras,m2,2021-12-26,111+600,214+630,30
km 146+500 - 146+520,2022,Limpieza Residuos Sólidos / Basuras,m2,2021-12-29,145+400,187+000,150
km 146+500 - 146+520,2022,Desbroce Manual T2,m2,2021-12-29,146+000,147+000,6000
km 146+500 - 146+520,2022,Limpieza Manual de Cuneta de Vía T2,ml,2021-12-29,146+000,147+000,1000
km 146+500 - 146+520,2022,Limpieza de Deslizamientos Menores < 15 m3 T2,m3,2022-01-03,125+000,173+500,12
km 146+500 - 146+520,2022,Repintado de Parapetos Muros T2,m2,2022-01-05,144+167,244+180,7.8
km 146+500 - 146+520,2022,Limpieza de carril/pista y bermas T2,m2,2022-02-01,124+000,173+000,120
km 146+500 - 146+520,2022,Limpieza de carril/pista y bermas T2,m2,2022-02-02,124+000,173+000,240
km 146+500 - 146+520,2022,Limpieza Manual de Cuneta de Vía T2,ml,2022-02-03,134+900,154+500,400
km 146+500 - 146+520,2022,Limpieza de carril/pista y bermas T2,m2,2022-02-09,125+000,175+000,220
km 146+500 - 146+520,2022,Limpieza de Deslizamientos Menores < 15 m3 T2,m3,2022-02-09,21+100,214+150,15
km 146+500 - 146+520,2022,Limpieza Manual de Cuneta de Vía T2,ml,2022-03-03,146+035,147+480,445
km 146+500 - 146+520,2022,Limpieza Manual de Cuneta de Vía T2,ml,2022-03-03,146+430,146+520,90
km 146+500 - 146+520,2022,Limpieza de Deslizamientos Menores < 15 m3 T2,m3,2022-03-26,142+000,164+900,14
km 146+500 - 146+520,2022,Limpieza Residuos Sólidos / Basuras,m2,2022-04-27,140+600,147+100,220
km 146+500 - 146+520,2022,Desbroce Manual T2,m2,2022-05-17,146+500,147+000,3000
km 146+500 - 146+520,2022,Limpieza Manual de Cuneta de Vía T2,ml,2022-05-17,146+500,146+700,200
km 146+500 - 146+520,2022,Limpieza de Placas de Señalización Vertical T2,m2,2022-05-17,146+500,147+000,5.0625
km 146+500 - 146+520,2022,Limpieza de Placas de Señalización Vertical T2,m2,2022-05-17,146+500,147+000,0.96
km 146+500 - 146+520,2022,Limpieza de Juntas en Cunetas y Bermas,ml,2022-05-17,146+500,146+700,113.33333333333333
km 146+500 - 146+520,2022,Limpieza Manual de Cuneta de Vía T2,ml,2022-06-14,103+200,203+400,100
km 146+500 - 146+520,2022,Limpieza de carril/pista y bermas T2,m2,2022-06-29,141+480,162+140,660
km 146+500 - 146+520,2022,Limpieza Manual de Cuneta de Vía T2,ml,2022-07-07,146+380,146+510,150
km 146+500 - 146+520,2022,Repintado de delineador T2,und,2022-08-26,146+490,146+515,4
km 146+500 - 146+520,2022,Repintado de delineador T2,und,2022-09-09,82+190,182+224,4
km 146+500 - 146+520,2022,Limpieza Manual de Cuneta de Vía T2,ml,2022-09-14,142+350,147+800,500
km 146+500 - 146+520,2022,Limpieza de Juntas en Cunetas y Bermas,ml,2022-09-14,142+350,147+800,283.3333333333333
km 146+500 - 146+520,2022,Desbroce Manual T2,m2,2022-09-15,16+000,160+400,2400
km 146+500 - 146+520,2022,Reposición de Señalización Vertical T2,m2,2022-10-21,143+384,153+384,0.5625
km 146+500 - 146+520,2022,Desbroce Manual T2,m2,2022-10-25,146+000,146+800,3200
km 146+500 - 146+520,2022,Limpieza Manual de Cuneta de Vía T2,ml,2022-10-25,146+000,146+800,800
km 146+500 - 146+520,2022,Limpieza de Juntas en Cunetas y Bermas,ml,2022-10-25,146+000,146+800,453.3333333333333
km 146+500 - 146+520,2022,Limpieza Residuos Sólidos / Basuras,m2,2022-10-25,146+000,146+700,120
km 146+500 - 146+520,2022,Limpieza Manual de Cabezal de Alcantarilla T2,ml,2022-11-28,146+520,146+520,6
km 146+500 - 146+520,2023,Limpieza mecanizada de cabezal de alcantarilla T2,m3,2022-12-24,135+300,146+900,12
km 146+500 - 146+520,2023,Limpieza mecanizada de cabezal de alcantarilla T2,m3,2022-12-24,141+132,146+900,10
km 146+500 - 146+520,2023,Limpieza Residuos Sólidos / Basuras,m2,2023-01-24,143+160,180+180,80
km 146+500 - 146+520,2023,Limpieza Manual de Cuneta de Vía T2,ml,2023-02-26,144+394,146+552,158
km 146+500 - 146+520,2023,Desbroce Manual T2,m2,2023-03-22,146+000,147+000,6000
km 146+500 - 146+520,2023,Limpieza Manual de Cuneta de Vía T2,ml,2023-03-22,146+000,147+000,1000
km 146+500 - 146+520,2023,Limpieza de Juntas en Cunetas y Bermas,ml,2023-03-22,146+000,147+000,566.6666666666666
km 146+500 - 146+520,2023,Limpieza de Deslizamientos Menores < 15 m3 T2,m3,2023-05-04,140+770,158+000,14
km 146+500 - 146+520,2023,Pintura o Reaplicación por Aspersión T2,ml,2023-06-19,146+470,146+570,30
km 146+500 - 146+520,2023,Limpieza Manual de Cuneta de Vía T2,ml,2023-09-13,140+100,146+900,14
km 146+500 - 146+520,2023,Desbroce Manual T2,m2,2023-09-18,146+000,146+750,4500
km 146+500 - 146+520,2023,Limpieza Manual de Cuneta de Vía T2,ml,2023-09-18,146+000,146+750,750
km 146+500 - 146+520,2023,Limpieza de Placas de Señalización Vertical T2,m2,2023-09-18,146+000,147+000,2.8125
km 146+500 - 146+520,2023,Limpieza de Placas de Señalización Vertical T2,m2,2023-09-18,146+000,147+000,1.92
km 146+500 - 146+520,2023,Limpieza de Juntas en Cunetas y Bermas,ml,2023-09-18,146+000,146+750,425
km 146+500 - 146+520,2023,Limpieza Manual de Cuneta de Vía T2,ml,2023-10-16,145+425,149+900,600
km 146+500 - 146+520,2023,Limpieza Manual de Cuneta de Vía T2,ml,2023-11-02,143+740,146+720,980
km 146+500 - 146+520,2023,Desbroce Manual T2,m2,2023-11-02,145+740,146+720,980
km 146+500 - 146+520,2024,Limpieza Manual de Cuneta de Vía T2,ml,2024-01-02,146+450,146+570,120
km 146+500 - 146+520,2024,Desbroce Manual T2,m2,2024-01-09,146+500,147+000,3000
km 146+500 - 146+520,2024,Limpieza Manual de Cuneta de Vía T2,ml,2024-01-09,146+500,146+800,300
km 146+500 - 146+520,2024,Limpieza de Juntas en Cunetas y Bermas,ml,2024-01-09,146+500,146+800,170
km 146+500 - 146+520,2024,Desbroce Manual T2,m2,2024-01-23,146+000,146+500,3000
km 146+500 - 146+520,2024,Limpieza Manual de Cuneta de Vía T2,ml,2024-01-23,146+000,146+500,500
km 146+500 - 146+520,2024,Limpieza de Juntas en Cunetas y Bermas,ml,2024-01-23,146+000,146+500,283.3333333333333
km 146+500 - 146+520,2024,Limpieza Manual de Cuneta de Vía T2,ml,2024-03-11,94+730,947+776,99
km 146+500 - 146+520,2024,Limpieza Manual de Cuneta de Vía T2,ml,2024-03-23,146+400,146+500,14
km 146+500 - 146+520,2024,Limpieza Manual de Cabezal de Alcantarilla T2,ml,2024-04-13,146+510,146+514,12
km 146+500 - 146+520,2024,Limpieza Manual de Cabezal de Alcantarilla T2,ml,2024-04-25,128+280,182+283,8
km 146+500 - 146+520,2024,Limpieza de Juntas en Cunetas y Bermas,#N/A,2024-04-29,145+460,154+510,28.333333333333332
km 146+500 - 146+520,2024,Limpieza Manual de Cuneta de Vía T2,ml,2024-05-15,15+120,151+215,15
km 146+500 - 146+520,2024,Limpieza Manual de Cuneta de Vía T2,ml,2024-06-15,141+000,246+000,450
km 146+500 - 146+520,2024,Desbroce Manual T2,m2,2024-06-24,146+000,147+000,6000
km 146+500 - 146+520,2024,Limpieza Manual de Cuneta de Vía T2,ml,2024-06-24,146+000,147+000,1000
km 146+500 - 146+520,2024,Limpieza de Juntas en Cunetas y Bermas,ml,2024-06-24,146+000,147+000,113.33333333333333
km 146+500 - 146+520,2024,Desbroce Manual T2,m2,2024-06-25,145+300,155+000,4200
km 146+500 - 146+520,2024,Limpieza Manual de Cabezal de Alcantarilla T2,ml,2024-06-28,146+520,146+520,16
km 146+500 - 146+520,2025,Desbroce Manual T2,m2,2025-01-13,146+000,146+500,3000
km 146+500 - 146+520,2025,Limpieza Manual de Cuneta de Vía T2,ml,2025-01-13,146+000,146+500,500
km 146+500 - 146+520,2025,Limpieza Manual de Cuerpo de Alcantarilla T2,ml,2025-01-14,146+520,146+530,20
km 146+500 - 146+520,2025,Limpieza de carril/pista y bermas T2,m2,2025-01-15,146+520,146+600,160
km 146+500 - 146+520,2025,Reparación de Bache Superficial T2,m2,2025-01-15,146+520,146+540,10
km 146+500 - 146+520,2025,Limpieza de Parapetos Veredas de Concreto T2,m2,2025-01-29,141+450,241+455,5
km 146+500 - 146+520,2025,Desbroce Manual T2,m2,2025-02-05,145+800,155+000,1200
km 146+500 - 146+520,2025,Limpieza Manual de Cuneta de Vía T2,ml,2025-02-27,143+000,243+900,900
km 146+500 - 146+520,2025,Limpieza de Juntas en Cunetas y Bermas,ml,2025-02-27,143+000,243+900,510
km 146+500 - 146+520,2025,Desbroce Manual T2,m2,2025-02-27,146+500,146+700,1200
km 146+500 - 146+520,2025,Limpieza Manual de Cuneta de Vía T2,ml,2025-02-27,146+500,146+700,200
km 146+500 - 146+520,2025,Limpieza de Juntas en Cunetas y Bermas,ml,2025-02-27,146+500,146+700,113.33333333333333
km 146+500 - 146+520,2025,Limpieza de Postes de Señalización Vertical T2,und,2025-03-07,68+239,168+239,1
km 146+500 - 146+520,2025,Limpieza de Placas de Señalización Vertical T2,m2,2025-03-07,68+239,168+239,0.5625
km 146+500 - 146+520,2025,Remocion de Derrumbes T2,m3,2025-03-22,146+500,146+540,405
km 146+500 - 146+520,2025,Remocion de Derrumbes T2,m3,2025-03-23,146+500,146+540,390
km 146+500 - 146+520,2025,Remocion de Derrumbes T2,m3,2025-03-24,146+500,146+540,135
km 146+500 - 146+520,2025,Limpieza Manual de Cuneta de Vía T2,ml,2025-03-24,146+500,146+580,80
km 146+500 - 146+520,2025,Limpieza Manual de Cuneta de Vía T2,ml,2025-03-31,146+480,146+600,120
km 146+500 - 146+520,2025,Limpieza de carril/pista y bermas T2,m2,2025-03-31,146+480,146+810,330
km 146+500 - 146+520,2025,Limpieza de carril/pista y bermas T2,m2,2025-03-31,146+480,146+810,330
km 146+500 - 146+520,2025,Desbroce Manual T2,m2,2025-04-10,146+000,146+500,3000
km 146+500 - 146+520,2025,Limpieza Manual de Cuneta de Vía T2,ml,2025-04-10,146+000,146+500,500
km 146+500 - 146+520,2025,Limpieza de Juntas en Cunetas y Bermas,ml,2025-04-10,146+000,146+500,283.3333333333333
km 146+500 - 146+520,2025,Limpieza Residuos Sólidos / Basuras,m2,2025-04-10,146+000,146+500,60
km 146+500 - 146+520,2025,Limpieza de carril/pista y bermas T2,m2,2025-04-30,146+000,147+000,1000
km 146+500 - 146+520,2025,Limpieza Manual de Cabezal de Alcantarilla T2,ml,2025-05-23,146+510,146+510,14
km 146+500 - 146+520,2025,Limpieza Manual de Cabezal de Alcantarilla T2,ml,2025-06-09,146+510,146+514,14
km 146+500 - 146+520,2025,Limpieza Manual de Cabezal de Alcantarilla T2,ml,2025-06-10,146+510,146+514,14
km 146+500 - 146+520,2025,Limpieza Manual de Cabezal de Alcantarilla T2,ml,2025-06-12,144+670,149+673,14
km 146+500 - 146+520,2025,Pintura o Reaplicación por Aspersión T2,ml,2025-07-03,121+400,241+203,12
km 146+500 - 146+520,2025,Limpieza Manual de Cuneta de Vía T2,ml,2025-08-04,145+330,178+160,200
km 146+500 - 146+520,2025,Desbroce Manual T2,m2,2025-08-12,146+300,146+500,1200
km 146+500 - 146+520,2025,Limpieza Manual de Cuerpo de Alcantarilla T2,ml,2025-08-28,146+500,146+505,14
km 146+500 - 146+520,2025,Pintura o Reaplicación por Aspersión T2,ml,2025-09-01,146+300,146+600,5
km 146+500 - 146+520,2025,Desbroce Manual T2,m2,2025-09-15,146+000,147+000,6000
km 146+500 - 146+520,2025,Limpieza Manual de Cuneta de Vía T2,ml,2025-09-15,146+000,146+800,800
km 146+500 - 146+520,2025,Limpieza de Juntas en Cunetas y Bermas,ml,2025-09-15,146+000,146+800,453.3333333333333
km 146+500 - 146+520,2025,Limpieza Residuos Sólidos / Basuras,m2,2025-09-19,146+000,147+000,300
km 146+500 - 146+520,2025,Limpieza de carril/pista y bermas T2,m2,2025-09-19,146+500,146+600,100
km 146+500 - 146+520,2025,Desbroce Manual T2,m2,2025-10-09,143+570,173+600,100
km 146+500 - 146+520,2025,Limpieza de Guardavías T2,ml,2025-11-05,145+155,245+180,25
km 146+500 - 146+520,2025,Limpieza de Parapetos Veredas de Concreto T2,m2,2025-11-05,145+200,245+230,15
km 146+500 - 146+520,2025,Limpieza de Parapetos Veredas de Concreto T2,m2,2025-11-23,146+320,146+522,10
km 146+500 - 146+520,2025,Limpieza de Parapetos Veredas de Concreto T2,m2,2025-11-23,146+320,146+522,3.2
km 146+500 - 146+520,2025,Limpieza Residuos Sólidos / Basuras,m2,2025-12-19,143+600,146+780,180
km 146+500 - 146+520,2026,Limpieza de Parapetos Veredas de Concreto T2,m2,2025-12-29,137+150,237+155,3.25
km 146+500 - 146+520,2026,Limpieza Manual de Cuneta de Vía T2,ml,2026-01-20,107+900,170+970,70
km 146+500 - 146+520,2026,Limpieza de carril/pista y bermas T2,m2,2026-02-15,141+000,246+000,220
km 146+500 - 146+520,2026,Reparación de Bache Superficial T2,m2,2026-02-20,145+900,154+920,20
km 146+500 - 146+520,2026,Limpieza de carril/pista y bermas T2,m2,2026-03-16,146+520,146+620,700
km 146+500 - 146+520,2026,Limpieza Manual de Cuneta de Vía T2,ml,2026-03-17,142+067,149+158,91
km 146+500 - 146+520,2026,Limpieza de Juntas en Cunetas y Bermas,ml,2026-03-17,142+067,149+158,51.56666666666666
km 175+260 - 175+285,2018,Desbroce Manual T2,m2,2018-01-26,175+000,175+500,3000
km 175+260 - 175+285,2018,Limpieza Manual de Cabezal de Alcantarilla T2,ml,2018-02-02,170+390,179+900,16
km 175+260 - 175+285,2018,Limpieza de carril/pista y bermas T2,m2,2018-04-06,175+220,175+300,640
km 175+260 - 175+285,2018,Limpieza de Barandas Metálicas T2,m2,2018-04-11,174+900,179+910,20
km 175+260 - 175+285,2018,Repintado de delineador T2,und,2018-04-11,175+150,175+300,12
km 175+260 - 175+285,2018,Limpieza de guardavías,ml,2018-04-13,175+210,175+280,70
km 175+260 - 175+285,2018,Desbroce Manual T2,m2,2018-05-23,175+000,176+000,3000
km 175+260 - 175+285,2018,Limpieza Manual de Cuneta de Vía T2,ml,2018-05-23,175+000,176+000,1000
km 175+260 - 175+285,2018,Limpieza de juntas de cuneta de vía,ml,2018-05-23,175+000,176+000,850
km 175+260 - 175+285,2018,Limpieza de carril/pista y bermas T2,m2,2018-07-07,109+200,198+400,30
km 175+260 - 175+285,2018,limpieza manual de juntas de cuneta de vía,ml,2018-07-08,175+000,176+000,566.6666666666666
km 175+260 - 175+285,2018,Poda de Árboles T2,m2,2018-07-30,175+280,175+720,1560
km 175+260 - 175+285,2018,Limpieza de carril/pista y bermas T2,m2,2018-10-13,141+000,246+000,576
km 175+260 - 175+285,2018,Limpieza de carril/pista y bermas T2,m2,2018-10-14,141+000,246+000,900
km 175+260 - 175+285,2018,Limpieza manual de juntas de cuneta de vía,ml,2018-10-15,173+000,176+000,566.6666666666666
km 175+260 - 175+285,2018,Limpieza de Guardavias T2,ml,2018-10-15,173+000,176+000,20
km 175+260 - 175+285,2018,Desbroce Manual T2,m2,2018-10-15,175+000,176+000,6000
km 175+260 - 175+285,2018,Limpieza Manual de Cuneta de Vía T2,ml,2018-10-15,175+000,176+000,1000
km 175+260 - 175+285,2019,Limpieza manual de juntas de cunetas de vía,ml,2019-01-06,175+000,176+000,566.6666666666666
km 175+260 - 175+285,2019,Remocion de Derrumbes T2,m3,2019-02-14,175+280,175+300,75
km 175+260 - 175+285,2019,#N/A,#N/A,2019-03-19,174+500,176+500,1133.3333333333333
km 175+260 - 175+285,2019,Limpieza Manual de Cuneta de Vía T2,ml,2019-03-19,174+500,176+500,2000
km 175+260 - 175+285,2019,Limpieza de Placas de Señalización Vertical T2,m2,2019-03-19,174+500,176+500,6.75
km 175+260 - 175+285,2019,Limpieza de Placas de Señalización Vertical T2,m2,2019-03-19,174+500,176+500,6.72
km 175+260 - 175+285,2019,Limpieza de Delineador T2,und,2019-03-19,174+500,176+500,28
km 175+260 - 175+285,2019,Desbroce Manual T2,m2,2019-03-19,175+000,176+000,6000
km 175+260 - 175+285,2019,Remocion de Derrumbes T2,m3,2019-03-19,76+980,770+000,300
km 175+260 - 175+285,2019,Limpieza de juntas en cunetas y berma,ml,2019-05-20,173+500,179+000,3116.6666666666665
km 175+260 - 175+285,2019,Limpieza Manual de Cuneta de Vía T2,ml,2019-08-22,116+000,1116+620,150
km 175+260 - 175+285,2019,Desbroce Manual T2,m2,2019-09-09,175+000,175+400,800
km 175+260 - 175+285,2019,Limpieza Manual de Cuneta de Vía T2,ml,2019-09-12,175+200,175+290,90
km 175+260 - 175+285,2019,Limpieza Manual de Cuneta de Vía T2,ml,2019-10-22,139+300,239+400,100
km 175+260 - 175+285,2019,Limpieza Manual / Mecanizada T2,ml,2019-11-23,175+250,175+270,20
km 175+260 - 175+285,2019,Limpieza Manual de Cuneta de Vía T2,ml,2019-12-04,114+500,214+600,100
km 175+260 - 175+285,2020,Limpieza de Deslizamientos Menores < 15 m3 T2,m3,2019-12-29,64+150,646+160,10
km 175+260 - 175+285,2020,Desbroce Manual T2,m2,2020-01-10,174+600,175+400,4800
km 175+260 - 175+285,2020,Limpieza Manual de Cuneta de Vía T2,ml,2020-01-10,174+600,175+400,800
km 175+260 - 175+285,2020,Reposición de Tachas Reflectivas T2,und,2020-01-23,42+000,434+000,27
km 175+260 - 175+285,2020,Reposición de Tachas Reflectivas T2,und,2020-01-23,42+000,434+000,26
km 175+260 - 175+285,2020,Desbroce Manual T2,m2,2020-01-24,174+600,175+400,4800
km 175+260 - 175+285,2020,Limpieza Manual de Cuneta de Vía T2,ml,2020-01-24,174+600,175+400,800
km 175+260 - 175+285,2020,Limpieza de carril/pista y bermas T2,m2,2020-02-21,126+380,196+400,20
km 175+260 - 175+285,2020,Desbroce Manual T2,m2,2020-03-05,174+900,175+500,1800
km 175+260 - 175+285,2020,Limpieza Manual de Cuneta de Vía T2,ml,2020-03-05,174+900,175+500,600
km 175+260 - 175+285,2020,Limpieza de Juntas en Cuneta y Berma,ml,2020-03-05,174+900,175+500,340
km 175+260 - 175+285,2020,Limpieza de carril/pista y bermas T2,m2,2020-03-20,175+253,175+264,39.6
km 175+260 - 175+285,2020,Desbroce Manual T2,m2,2020-04-06,175+000,175+300,900
km 175+260 - 175+285,2020,Limpieza Manual de Cuneta de Vía T2,ml,2020-04-06,175+000,175+300,300
km 175+260 - 175+285,2020,Limpieza de Juntas en Cuneta y Berma,ml,2020-04-06,175+000,175+300,170
km 175+260 - 175+285,2020,Limpieza Manual de Cuneta de Vía T2,ml,2020-04-07,173+600,184+000,400
km 175+260 - 175+285,2020,Limpieza de Juntas en Cuneta y Berma,ml,2020-04-07,173+600,184+000,226.66666666666666
km 175+260 - 175+285,2020,Limpieza mecanizada de cabezal de alcantarilla T2,m3,2020-04-28,156+890,186+900,8
km 175+260 - 175+285,2020,Limpieza de carril/pista y bermas T2,m2,2020-05-13,160+500,180+503,10.8
km 175+260 - 175+285,2020,Limpieza Manual de Cuneta de Vía T2,ml,2020-06-16,170+500,179+650,150
km 175+260 - 175+285,2020,Limpieza de Placas de Señalización Vertical T2,m2,2020-08-10,174+000,176+000,5.625
km 175+260 - 175+285,2020,Limpieza de Placas de Señalización Vertical T2,m2,2020-08-10,174+000,176+000,7.68
km 175+260 - 175+285,2020,Limpieza de Postes de Señalización Vertical T2,und,2020-08-10,174+000,176+000,18
km 175+260 - 175+285,2020,Desbroce Manual T2,m2,2020-08-10,175+000,176+000,6000
km 175+260 - 175+285,2020,Limpieza Manual de Cuneta de Vía T2,ml,2020-08-10,175+000,176+000,1000
km 175+260 - 175+285,2020,Limpieza de Juntas en Cunetas y Bermas,ml,2020-08-10,175+000,176+000,566.6666666666666
km 175+260 - 175+285,2020,Limpieza Manual de Cabezal de Alcantarilla T2,ml,2020-08-30,151+985,191+990,20
km 175+260 - 175+285,2020,Limpieza Manual de Cabezal de Alcantarilla T2,ml,2020-08-31,161+920,191+930,10
km 175+260 - 175+285,2020,Limpieza Manual de Cuneta de Vía T2,ml,2020-09-21,174+519,3174+561,42
km 175+260 - 175+285,2020,Limpieza Manual de Cuneta de Vía T2,ml,2020-10-19,22+530,222+600,70
km 175+260 - 175+285,2020,Desbroce Manual T2,m2,2020-10-21,163+000,184+000,6000
km 175+260 - 175+285,2020,Limpieza de Guardavías T2,ml,2020-10-30,175+278,175+289,11
km 175+260 - 175+285,2020,Limpieza de Postes de Señalización Vertical T2,und,2020-11-02,172+007,180+744,11
km 175+260 - 175+285,2020,Desbroce Manual T2,m2,2020-11-12,175+000,176+000,6000
km 175+260 - 175+285,2020,Limpieza Manual de Cuneta de Vía T2,ml,2020-11-12,175+000,176+000,1000
km 175+260 - 175+285,2020,Limpieza de Juntas en Cunetas y Bermas,ml,2020-11-12,175+000,176+000,566.6666666666666
km 175+260 - 175+285,2020,Limpieza de Deslizamientos Menores < 15 m3 T2,m3,2020-12-18,171+900,209+000,24
km 175+260 - 175+285,2020,Remocion de Derrumbes T2,m3,2020-12-18,172+150,209+000,420
km 175+260 - 175+285,2021,Remocion de Derrumbes T2,m3,2021-01-09,172+480,176+580,30
km 175+260 - 175+285,2021,Limpieza Manual de Cuneta de Vía T2,ml,2021-02-05,155+780,175+330,70
km 175+260 - 175+285,2021,Limpieza Manual de Cuneta de Vía T2,ml,2021-02-05,175+260,175+300,40
km 175+260 - 175+285,2021,Limpieza de Superfície de Concreto y Dispos. Drenaje T2,ml,2021-02-05,175+280,175+330,50
km 175+260 - 175+285,2021,Desbroce Manual T2,m2,2021-03-03,121+500,192+000,3000
km 175+260 - 175+285,2021,Repintado de Postes de Señalización Vertical T2,m2,2021-03-08,119+000,180+000,6.24
km 175+260 - 175+285,2021,Limpieza de Postes de Señalización Vertical T2,und,2021-03-08,119+000,180+000,4
km 175+260 - 175+285,2021,Desbroce Manual T2,m2,2021-03-12,175+000,176+000,6000
km 175+260 - 175+285,2021,Limpieza Manual de Cuneta de Vía T2,ml,2021-03-12,175+000,176+000,1000
km 175+260 - 175+285,2021,Limpieza de Juntas en Cunetas y Bermas,ml,2021-03-12,175+000,176+000,566.6666666666666
km 175+260 - 175+285,2021,Limpieza Manual de Cuneta de Vía T2,ml,2021-03-29,132+150,232+480,300
km 175+260 - 175+285,2021,Limpieza de Juntas en Cunetas y Bermas,ml,2021-03-29,132+150,232+480,170
km 175+260 - 175+285,2021,Limpieza de postes (hitos) kilométricos T2,und,2021-04-07,140+300,231+510,1
km 175+260 - 175+285,2021,Desbroce Manual T2,m2,2021-06-24,19+600,196+900,50
km 175+260 - 175+285,2021,Limpieza de Placas de Señalización Vertical T2,m2,2021-07-14,174+400,176+000,2.25
km 175+260 - 175+285,2021,Limpieza de Placas de Señalización Vertical T2,m2,2021-07-14,174+400,176+000,3.84
km 175+260 - 175+285,2021,Desbroce Manual T2,m2,2021-07-14,175+000,176+000,6000
km 175+260 - 175+285,2021,Limpieza Manual de Cuneta de Vía T2,ml,2021-07-14,175+000,176+000,1000
km 175+260 - 175+285,2021,Limpieza de Juntas en Cunetas y Bermas,ml,2021-07-14,175+000,176+000,566.6666666666666
km 175+260 - 175+285,2021,Reposición de Tachas Reflectivas T2,und,2021-07-22,175+010,175+915,58
km 175+260 - 175+285,2021,Reposición de Tachas Reflectivas T2,und,2021-07-22,175+227,175+380,25
km 175+260 - 175+285,2021,Limpieza Residuos Sólidos / Basuras,m2,2021-09-04,149+700,199+760,10
km 175+260 - 175+285,2021,Limpieza Residuos Sólidos / Basuras,m2,2021-11-29,170+600,177+000,220
km 175+260 - 175+285,2022,Desbroce Manual T2,m2,2021-12-23,174+600,176+010,2000
km 175+260 - 175+285,2022,Limpieza Manual de Cuneta de Vía T2,ml,2021-12-23,174+600,176+010,1400
km 175+260 - 175+285,2022,Limpieza de Juntas en Cunetas y Bermas,ml,2021-12-23,174+600,176+010,793.3333333333334
km 175+260 - 175+285,2022,Limpieza Residuos Sólidos / Basuras,m2,2021-12-26,111+600,214+630,30
km 175+260 - 175+285,2022,Limpieza Residuos Sólidos / Basuras,m2,2021-12-29,145+400,187+000,150
km 175+260 - 175+285,2022,Repintado de Parapetos Muros T2,m2,2022-01-05,144+167,244+180,7.8
km 175+260 - 175+285,2022,Limpieza de Deslizamientos Menores < 15 m3 T2,m3,2022-02-09,21+100,214+150,15
km 175+260 - 175+285,2022,Limpieza Manual de Cabezal de Alcantarilla T2,ml,2022-02-10,175+100,176+000,30
km 175+260 - 175+285,2022,Desbroce Manual T2,m2,2022-02-24,175+000,176+000,6000
km 175+260 - 175+285,2022,Limpieza Manual de Cuneta de Vía T2,ml,2022-02-24,175+000,176+000,1000
km 175+260 - 175+285,2022,Limpieza de Juntas en Cunetas y Bermas,ml,2022-02-24,175+000,176+000,566.6666666666666
km 175+260 - 175+285,2022,Limpieza Residuos Sólidos / Basuras,m2,2022-03-01,155+372,185+482,110
km 175+260 - 175+285,2022,Limpieza Manual de Cuneta de Vía T2,ml,2022-03-03,170+350,180+475,1125
km 175+260 - 175+285,2022,Limpieza de Deslizamientos Menores < 15 m3 T2,m3,2022-04-03,175+265,175+275,10
km 175+260 - 175+285,2022,Limpieza Manual de Cuneta de Vía T2,ml,2022-06-14,103+200,203+400,100
km 175+260 - 175+285,2022,Limpieza Manual de Cuneta de Vía T2,ml,2022-06-17,173+650,178+700,50
km 175+260 - 175+285,2022,Limpieza de Juntas en Cunetas y Bermas,ml,2022-06-17,173+650,178+700,28.333333333333332
km 175+260 - 175+285,2022,Limpieza de Guardavías T2,ml,2022-07-25,175+278,175+290,12
km 175+260 - 175+285,2022,Pintura Chevron Guarda Vías T2,m2,2022-08-15,175+278,175+290,3.5999999999999996
km 175+260 - 175+285,2022,Desbroce Manual T2,m2,2022-09-01,175+000,175+500,3000
km 175+260 - 175+285,2022,Repintado de delineador T2,und,2022-09-09,82+190,182+224,4
km 175+260 - 175+285,2022,Limpieza Manual de Cuneta de Vía T2,ml,2022-10-10,173+000,175+800,800
km 175+260 - 175+285,2022,Limpieza de Juntas en Cunetas y Bermas,ml,2022-10-10,173+000,175+800,453.3333333333333
km 175+260 - 175+285,2022,Desbroce Manual T2,m2,2022-10-21,175+100,175+900,4800
km 175+260 - 175+285,2022,Limpieza Manual de Cuneta de Vía T2,ml,2022-10-21,175+100,175+900,800
km 175+260 - 175+285,2022,Limpieza Manual de Cuneta de Vía T2,ml,2022-12-13,172+000,182+400,400
km 175+260 - 175+285,2022,Limpieza de Guardavías T2,ml,2022-12-14,175+278,175+290,12
km 175+260 - 175+285,2022,Limpieza Manual de Cuneta de Vía T2,ml,2022-12-21,168+780,178+850,70
km 175+260 - 175+285,2023,Limpieza Manual de Cuneta de Vía T2,ml,2022-12-23,175+240,175+980,15
km 175+260 - 175+285,2023,Limpieza Manual de Cuneta de Vía T2,ml,2023-01-06,152+700,1528+000,100
km 175+260 - 175+285,2023,Limpieza de Juntas en Cunetas y Bermas,ml,2023-01-06,152+700,1528+000,56.666666666666664
km 175+260 - 175+285,2023,Limpieza Residuos Sólidos / Basuras,m2,2023-01-24,143+160,180+180,80
km 175+260 - 175+285,2023,Limpieza Manual de Cuneta de Vía T2,ml,2023-02-24,170+572,179+400,50
km 175+260 - 175+285,2023,Limpieza Manual de Cuneta de Vía T2,ml,2023-03-01,174+047,179+875,828
km 175+260 - 175+285,2023,Limpieza de carril/pista y bermas T2,m2,2023-03-01,175+080,175+280,200
km 175+260 - 175+285,2023,Limpieza de Superfície de Concreto y Dispos. Drenaje T2,ml,2023-03-11,175+179,175+300,150
km 175+260 - 175+285,2023,Desbroce Manual T2,m2,2023-04-13,175+000,176+000,6000
km 175+260 - 175+285,2023,Limpieza Manual de Cuneta de Vía T2,ml,2023-04-13,175+000,176+000,1000
km 175+260 - 175+285,2023,Limpieza de Juntas en Cunetas y Bermas,ml,2023-04-13,175+000,176+000,566.6666666666666
km 175+260 - 175+285,2023,Limpieza de Placas de Señalización Vertical T2,m2,2023-04-13,175+000,176+000,14.0625
km 175+260 - 175+285,2023,Limpieza de Delineador T2,und,2023-04-13,175+000,176+000,4
km 175+260 - 175+285,2023,Limpieza de Delineador T2,und,2023-04-13,175+000,176+000,3
km 175+260 - 175+285,2023,Limpieza Manual de Cuneta de Vía T2,ml,2023-04-16,169+080,196+090,50
km 175+260 - 175+285,2023,Desbroce Manual T2,m2,2023-09-07,175+000,175+800,4800
km 175+260 - 175+285,2023,Limpieza Manual de Cuneta de Vía T2,ml,2023-09-07,175+200,175+800,600
km 175+260 - 175+285,2023,Limpieza de Juntas en Cunetas y Bermas,ml,2023-09-07,175+200,175+800,340
km 175+260 - 175+285,2023,Limpieza de Placas de Señalización Vertical T2,m2,2023-09-15,170+470,176+470,0.96
km 175+260 - 175+285,2023,Limpieza Manual de Cuneta de Vía T2,ml,2023-10-09,175+250,175+260,120
km 175+260 - 175+285,2023,Remocion de Derrumbes T2,m3,2023-10-10,175+250,175+260,30
km 175+260 - 175+285,2023,Limpieza de Guardavías T2,ml,2023-10-10,175+260,175+282,22
km 175+260 - 175+285,2023,Repintado de delineador T2,und,2023-10-10,175+277,175+604,26
km 175+260 - 175+285,2023,Limpieza Manual de Cuneta de Vía T2,ml,2023-10-17,175+250,175+260,100
km 175+260 - 175+285,2023,Remocion de Derrumbes T2,m3,2023-10-17,175+250,175+260,75
km 175+260 - 175+285,2023,Limpieza Manual de Cabezal de Alcantarilla T2,ml,2023-10-25,157+540,177+540,12
km 175+260 - 175+285,2023,Limpieza Manual de Cabezal de Alcantarilla T2,ml,2023-10-26,153+610,1536+120,10
km 175+260 - 175+285,2023,Remocion de Derrumbes T2,m3,2023-10-30,175+250,175+260,45
km 175+260 - 175+285,2023,Limpieza Residuos Sólidos / Basuras,m2,2023-10-31,169+220,2169+320,20
km 175+260 - 175+285,2023,Limpieza Manual de Cuneta de Vía T2,ml,2023-11-06,173+520,175+620,100
km 175+260 - 175+285,2023,Desbroce Manual T2,m2,2023-11-08,163+440,183+640,600
km 175+260 - 175+285,2024,Desbroce Manual T2,m2,2024-01-11,175+250,176+000,4500
km 175+260 - 175+285,2024,Limpieza Manual de Cuneta de Vía T2,ml,2024-01-11,175+250,176+000,750
km 175+260 - 175+285,2024,Limpieza de Juntas en Cunetas y Bermas,ml,2024-01-11,175+250,176+000,425
km 175+260 - 175+285,2024,Limpieza de Deslizamientos Menores < 15 m3 T2,m3,2024-01-15,175+265,175+280,15
km 175+260 - 175+285,2024,Limpieza de Deslizamientos Menores < 15 m3 T2,m3,2024-01-24,175+250,175+260,15
km 175+260 - 175+285,2024,Reposición de Defensas Averiadas T2,ml,2024-02-09,175+285,175+291,4
km 175+260 - 175+285,2024,Remocion de Derrumbes T2,m3,2024-02-16,175+250,175+265,45
km 175+260 - 175+285,2024,Limpieza Manual de Cuneta de Vía T2,ml,2024-02-19,159+600,196+050,450
km 175+260 - 175+285,2024,Remocion de Derrumbes T2,m3,2024-02-19,175+250,175+265,60
km 175+260 - 175+285,2024,Limpieza Manual de Cuneta de Vía T2,ml,2024-03-11,94+730,947+776,99
km 175+260 - 175+285,2024,Desbroce Manual T2,m2,2024-03-12,149+000,194+300,900
km 175+260 - 175+285,2024,Remocion de Derrumbes T2,m3,2024-03-24,175+250,175+265,45
km 175+260 - 175+285,2024,Limpieza de Obstaculos - Derecho de Vía,m2,2024-04-13,175+250,175+265,40
km 175+260 - 175+285,2024,Desbroce Manual T2,m2,2024-04-17,175+170,175+570,300
km 175+260 - 175+285,2024,Limpieza de carril/pista y bermas T2,m2,2024-04-21,175+250,175+265,105
km 175+260 - 175+285,2024,Remocion de Derrumbes T2,m3,2024-04-21,175+250,175+265,60
km 175+260 - 175+285,2024,Limpieza Manual de Cabezal de Alcantarilla T2,ml,2024-04-25,128+280,182+283,8
km 175+260 - 175+285,2024,Desbroce Manual T2,m2,2024-04-30,175+000,175+300,1800
km 175+260 - 175+285,2024,Limpieza Manual de Cuneta de Vía T2,ml,2024-04-30,175+000,175+300,300
km 175+260 - 175+285,2024,Limpieza de Juntas en Cunetas y Bermas,#N/A,2024-04-30,175+000,175+300,170
km 175+260 - 175+285,2024,Limpieza Manual de Cuneta de Vía T2,ml,2024-05-03,175+250,175+260,120
km 175+260 - 175+285,2024,Limpieza de Deslizamientos Menores < 15 m3 T2,m3,2024-05-03,175+250,175+260,30
km 175+260 - 175+285,2024,Limpieza Manual de Cuneta de Vía T2,ml,2024-05-28,148+800,185+000,200
km 175+260 - 175+285,2024,Limpieza Manual de Cuneta de Vía T2,ml,2024-06-15,141+000,246+000,450
km 175+260 - 175+285,2024,Limpieza de Guardavías T2,ml,2024-06-17,175+278,175+290,12
km 175+260 - 175+285,2024,Limpieza Manual de Cuneta de Vía T2,ml,2024-06-26,175+150,175+300,150
km 175+260 - 175+285,2025,Desbroce Manual T2,m2,2025-01-10,175+000,175+800,4800
km 175+260 - 175+285,2025,Limpieza Manual de Cuneta de Vía T2,ml,2025-01-10,175+000,175+800,800
km 175+260 - 175+285,2025,Limpieza Residuos Sólidos / Basuras,m2,2025-01-10,175+000,175+800,120
km 175+260 - 175+285,2025,Limpieza de Deslizamientos Menores < 15 m3 T2,m3,2025-01-14,149+780,179+810,15
km 175+260 - 175+285,2025,Limpieza de Parapetos Veredas de Concreto T2,m2,2025-01-29,141+450,241+455,5
km 175+260 - 175+285,2025,Limpieza de Guardavías T2,ml,2025-02-10,175+278,175+290,12
km 175+260 - 175+285,2025,Limpieza de Deslizamientos Menores < 15 m3 T2,m3,2025-02-26,175+260,175+270,15
km 175+260 - 175+285,2025,Limpieza Manual de Cuneta de Vía T2,ml,2025-02-27,143+000,243+900,900
km 175+260 - 175+285,2025,Limpieza de Juntas en Cunetas y Bermas,ml,2025-02-27,143+000,243+900,510
km 175+260 - 175+285,2025,Limpieza Manual de Cuneta de Vía T2,ml,2025-03-25,175+260,175+270,100
km 175+260 - 175+285,2025,Limpieza Manual de Cuneta de Vía T2,ml,2025-03-26,175+260,175+270,100
km 175+260 - 175+285,2025,Remocion de Derrumbes T2,m3,2025-03-27,175+260,175+270,105
km 175+260 - 175+285,2025,Limpieza de carril/pista y bermas T2,m2,2025-03-27,175+260,175+270,100
km 175+260 - 175+285,2025,Limpieza Manual de Cuneta de Vía T2,ml,2025-03-30,175+200,176+000,800
km 175+260 - 175+285,2025,Desbroce Manual T2,m2,2025-04-01,175+000,176+000,6000
km 175+260 - 175+285,2025,Limpieza Manual de Cuneta de Vía T2,ml,2025-04-01,175+000,176+000,1000
km 175+260 - 175+285,2025,Limpieza de Juntas en Cunetas y Bermas,ml,2025-04-01,175+000,176+000,566.6666666666666
km 175+260 - 175+285,2025,Limpieza Manual de Cuneta de Vía T2,ml,2025-04-04,175+260,175+285,120
km 175+260 - 175+285,2025,Limpieza Manual de Cuneta de Vía T2,ml,2025-04-06,175+260,175+285,100
km 175+260 - 175+285,2025,Limpieza Manual de Cuneta de Vía T2,ml,2025-04-06,175+260,175+285,100
km 175+260 - 175+285,2025,Remocion de Derrumbes T2,m3,2025-04-07,175+260,175+285,60
km 175+260 - 175+285,2025,Remocion de Derrumbes T2,m3,2025-04-07,175+260,175+285,15
km 175+260 - 175+285,2025,Remocion de Derrumbes T2,m3,2025-04-08,175+260,175+285,135
km 175+260 - 175+285,2025,Remocion de Derrumbes T2,m3,2025-04-09,175+260,175+285,90
km 175+260 - 175+285,2025,Remocion de Derrumbes T2,m3,2025-04-09,175+260,175+285,45
km 175+260 - 175+285,2025,Remocion de Derrumbes T2,m3,2025-04-11,175+260,175+285,45
km 175+260 - 175+285,2025,Remocion de Derrumbes T2,m3,2025-04-14,175+260,175+285,135
km 175+260 - 175+285,2025,Remocion de Derrumbes T2,m3,2025-04-16,175+260,175+285,330
km 175+260 - 175+285,2025,Limpieza de carril/pista y bermas T2,m2,2025-04-18,175+260,175+285,25
km 175+260 - 175+285,2025,Remocion de Derrumbes T2,m3,2025-04-21,175+260,175+285,135
km 175+260 - 175+285,2025,Remocion de Derrumbes T2,m3,2025-04-22,175+260,175+285,75
km 175+260 - 175+285,2025,Remocion de Derrumbes T2,m3,2025-04-26,175+260,175+285,135
km 175+260 - 175+285,2025,Remocion de Derrumbes T2,m3,2025-04-27,175+260,175+285,195
km 175+260 - 175+285,2025,Remocion de Derrumbes T2,m3,2025-05-11,175+260,175+285,30
km 175+260 - 175+285,2025,Limpieza Manual de Cabezal de Alcantarilla T2,ml,2025-06-01,175+095,175+980,14
km 175+260 - 175+285,2025,Pintura o Reaplicación por Aspersión T2,ml,2025-07-03,121+400,241+203,12
km 175+260 - 175+285,2025,Desbroce Manual T2,m2,2025-07-03,175+100,175+600,1200
km 175+260 - 175+285,2025,Limpieza de Deslizamientos Menores < 15 m3 T2,m3,2025-07-08,175+265,175+290,15
km 175+260 - 175+285,2025,Limpieza Manual de Cabezal de Alcantarilla T2,ml,2025-07-22,173+730,175+733,12
km 175+260 - 175+285,2025,Limpieza Manual de Cuneta de Vía T2,ml,2025-08-04,145+330,178+160,200
km 175+260 - 175+285,2025,Limpieza Manual de Cuneta de Vía T2,ml,2025-08-05,166+000,178+160,200
km 175+260 - 175+285,2025,Limpieza de Superfície de Concreto y Dispos. Drenaje T2,ml,2025-08-27,175+250,175+260,120
km 175+260 - 175+285,2025,Limpieza de Deslizamientos Menores < 15 m3 T2,m3,2025-08-31,175+260,175+280,15
km 175+260 - 175+285,2025,Limpieza de Superfície de Concreto y Dispos. Drenaje T2,ml,2025-09-06,175+260,175+270,100
km 175+260 - 175+285,2025,Desbroce Manual T2,m2,2025-10-27,175+000,175+900,5400
km 175+260 - 175+285,2025,Limpieza Manual de Cuneta de Vía T2,ml,2025-10-27,175+000,175+900,900
km 175+260 - 175+285,2025,Limpieza de Juntas en Cunetas y Bermas,ml,2025-10-27,175+000,175+900,510
km 175+260 - 175+285,2025,Limpieza de Guardavías T2,ml,2025-10-27,175+276,175+289,13
km 175+260 - 175+285,2025,Limpieza de Superfície de Concreto y Dispos. Drenaje T2,ml,2025-10-30,175+000,175+320,320
km 175+260 - 175+285,2025,Reparación de las Estructuras de Contención (gabión) T2,m3,2025-10-30,175+000,175+320,0.1
km 175+260 - 175+285,2025,Desbroce Manual T2,m2,2025-10-30,175+000,175+320,900
km 175+260 - 175+285,2025,Limpieza de Guardavías T2,ml,2025-11-05,145+155,245+180,25
km 175+260 - 175+285,2025,Limpieza de Parapetos Veredas de Concreto T2,m2,2025-11-05,145+200,245+230,15
km 175+260 - 175+285,2025,Repintado de delineador T2,und,2025-11-11,161+960,192+020,7
km 175+260 - 175+285,2025,Limpieza Manual de Cuneta de Vía T2,ml,2025-11-21,175+270,175+270,120
km 175+260 - 175+285,2025,Limpieza de Cajas de Inspección Subdren T2,und,2025-11-27,175+270,175+270,2
km 175+260 - 175+285,2025,Limpieza Residuos Sólidos / Basuras,m2,2025-12-19,167+300,178+600,800
km 175+260 - 175+285,2026,Limpieza de Parapetos Veredas de Concreto T2,m2,2025-12-29,137+150,237+155,3.25
km 175+260 - 175+285,2026,Desbroce Manual T2,m2,2026-02-09,175+000,176+000,6000
km 175+260 - 175+285,2026,Limpieza Manual de Cuneta de Vía T2,ml,2026-02-09,175+000,176+000,1000
km 175+260 - 175+285,2026,Limpieza de Juntas en Cunetas y Bermas,ml,2026-02-09,175+000,176+000,566.6666666666666
km 175+260 - 175+285,2026,Limpieza de carril/pista y bermas T2,m2,2026-02-15,141+000,246+000,220
km 214+580 - 214+630,2018,Limpieza de carril/pista y bermas T2,m2,2018-01-01,214+600,214+620,10
km 214+580 - 214+630,2018,Limpieza mecanizada de cabezal de alcantarilla T2,m3,2018-01-02,214+590,214+600,45
km 214+580 - 214+630,2018,Limpieza Mecanizada de Cabezal de Alcantarilla,m3,2018-01-27,214+590,214+600,30
km 214+580 - 214+630,2018,Limpieza Mecanizada de Cabezal de Alcantarilla,m3,2018-01-28,214+590,214+600,75
km 214+580 - 214+630,2018,Limpieza Manual de Cuerpo de Alcantarilla T2,ml,2018-02-05,214+580,214+600,20
km 214+580 - 214+630,2018,Limpieza Manual de Cuerpo de Alcantarilla T2,ml,2018-02-06,214+580,214+600,20
km 214+580 - 214+630,2018,Remocion de Derrumbes T2,m3,2018-02-07,214+580,214+600,60
km 214+580 - 214+630,2018,Remocion de Derrumbes T2,m3,2018-02-14,214+580,214+600,15
km 214+580 - 214+630,2018,Remocion de Derrumbes T2,m3,2018-02-15,214+580,214+600,45
km 214+580 - 214+630,2018,Remocion de Derrumbes T2,m3,2018-02-16,214+580,214+600,60
km 214+580 - 214+630,2018,Limpieza de postes (hitos) kilométricos T2,und,2018-03-06,186+000,236+000,50
km 214+580 - 214+630,2018,Limpieza de Deslizamientos Menores < 15 m3 T2,m3,2018-03-17,214+630,214+650,20
km 214+580 - 214+630,2018,Limpieza de carril/pista y bermas T2,m2,2018-03-18,214+600,214+620,20
km 214+580 - 214+630,2018,Limpieza Manual de Cuneta de Vía T2,ml,2018-03-25,214+590,214+600,10
km 214+580 - 214+630,2018,Remocion de Derrumbes T2,m3,2018-03-27,214+580,214+600,150
km 214+580 - 214+630,2018,Remocion de Derrumbes T2,m3,2018-03-27,214+580,214+600,150
km 214+580 - 214+630,2018,Remocion de Derrumbes T2,m3,2018-04-10,214+580,214+600,30
km 214+580 - 214+630,2018,Limpieza de Deslizamientos Menores < 15 m3 T2,m3,2018-04-15,214+600,214+620,15
km 214+580 - 214+630,2018,Desbroce Manual T2,m2,2018-04-19,214+000,215+000,6000
km 214+580 - 214+630,2018,Limpieza de Delineador T2,und,2018-04-19,214+000,215+000,16
km 214+580 - 214+630,2018,Limpieza de Placas de Señalización Vertical T2,m2,2018-04-19,214+000,215+000,2.25
km 214+580 - 214+630,2018,Limpieza de Deslizamientos Menores < 15 m3 T2,m3,2018-04-21,214+500,214+590,8
km 214+580 - 214+630,2018,Limpieza de Deslizamientos Menores < 15 m3 T2,m3,2018-04-21,214+600,214+680,7
km 214+580 - 214+630,2018,Limpieza de carril/pista y bermas T2,m2,2018-05-06,214+600,214+640,40
km 214+580 - 214+630,2018,Limpieza de carril/pista y bermas T2,m2,2018-05-12,214+630,214+640,10
km 214+580 - 214+630,2018,Limpieza de carril/pista y bermas T2,m2,2018-05-13,214+600,214+630,30
km 214+580 - 214+630,2018,Limpieza de Parapetos Veredas de Concreto T2,m2,2018-05-23,214+000,215+000,120
km 214+580 - 214+630,2018,Limpieza de guardavías,ml,2018-05-23,214+000,215+000,140
km 214+580 - 214+630,2018,Limpieza de Postes de Señalización Vertical T2,und,2018-05-23,214+000,215+000,14
km 214+580 - 214+630,2018,Limpieza de Placas de Señalización Vertical T2,m2,2018-05-23,214+000,215+000,10.5
km 214+580 - 214+630,2018,Limpieza de Delineador T2,und,2018-05-23,214+000,215+000,30
km 214+580 - 214+630,2018,Limpieza de Placas de Señalización Vertical T2,m2,2018-05-23,214+000,215+000,0.72
km 214+580 - 214+630,2018,Limpieza de carril/pista y bermas T2,m2,2018-05-30,214+600,214+650,50
km 214+580 - 214+630,2018,Limpieza de carril/pista y bermas T2,m2,2018-05-31,214+600,214+650,50
km 214+580 - 214+630,2018,Limpieza de carril/pista y bermas T2,m2,2018-06-02,214+600,214+620,20
km 214+580 - 214+630,2018,Limpieza de carril/pista y bermas T2,m2,2018-06-03,214+630,214+640,10
km 214+580 - 214+630,2018,Limpieza Manual de Cuneta de Vía T2,ml,2018-06-05,213+000,216+100,3000
km 214+580 - 214+630,2018,Limpieza de carril/pista y bermas T2,m2,2018-06-12,214+600,214+650,50
km 214+580 - 214+630,2018,Limpieza de carril/pista y bermas T2,m2,2018-06-13,214+600,214+640,40
km 214+580 - 214+630,2018,Limpieza de carril/pista y bermas T2,m2,2018-06-16,214+620,214+640,20
km 214+580 - 214+630,2018,Limpieza de carril/pista y bermas T2,m2,2018-06-17,214+600,214+630,30
km 214+580 - 214+630,2018,Limpieza de carril/pista y bermas T2,m2,2018-06-23,214+600,214+620,20
km 214+580 - 214+630,2018,Limpieza de carril/pista y bermas T2,m2,2018-06-24,214+620,214+630,10
km 214+580 - 214+630,2018,Limpieza de carril/pista y bermas T2,m2,2018-06-27,214+600,214+620,30
km 214+580 - 214+630,2018,Limpieza de carril/pista y bermas T2,m2,2018-06-28,214+600,214+650,70
km 214+580 - 214+630,2018,Limpieza Manual de Cuneta de Vía T2,ml,2018-07-01,214+600,214+680,80
km 214+580 - 214+630,2018,Limpieza de carril/pista y bermas T2,m2,2018-07-01,214+600,214+650,50
km 214+580 - 214+630,2018,Limpieza de carril/pista y bermas T2,m2,2018-07-03,214+600,214+650,50
km 214+580 - 214+630,2018,Repintado de Postes de Señalización Vertical T2,m2,2018-07-23,214+580,214+660,5
km 214+580 - 214+630,2018,Repintado de Parapetos Muros T2,m2,2018-07-23,214+580,214+595,7.8
km 214+580 - 214+630,2018,Limpieza de carril/pista y bermas T2,m2,2018-08-02,214+580,214+640,216
km 214+580 - 214+630,2018,Limpieza de carril/pista y bermas T2,m2,2018-08-04,214+600,214+630,30
km 214+580 - 214+630,2018,Limpieza de carril/pista y bermas T2,m2,2018-08-05,214+600,214+630,30
km 214+580 - 214+630,2018,Limpieza Manual de Cuneta de Vía T2,ml,2018-08-06,214+580,214+620,400
km 214+580 - 214+630,2018,Repintado de Postes de (hitos) kilométricos T2,m2,2018-08-07,213+500,215+500,2.25
km 214+580 - 214+630,2018,Desbroce Manual T2,m2,2018-08-07,214+000,215+000,6000
km 214+580 - 214+630,2018,Limpieza manual de juntas de cuneta de vía,ml,2018-08-07,214+000,215+000,566.6666666666666
km 214+580 - 214+630,2018,Limpieza Manual de Cuneta de Vía T2,ml,2018-08-07,214+000,215+000,1000
km 214+580 - 214+630,2018,Limpieza mecanizada de cabezal de alcantarilla T2,m3,2018-08-10,214+590,214+600,30
km 214+580 - 214+630,2018,Limpieza de carril/pista y bermas T2,m2,2018-08-14,214+580,214+640,60
km 214+580 - 214+630,2018,Limpieza de carril/pista y bermas T2,m2,2018-08-15,214+600,214+640,40
km 214+580 - 214+630,2018,Limpieza Manual de Cuneta de Vía T2,ml,2018-08-18,214+600,214+620,20
km 214+580 - 214+630,2018,Limpieza de carril/pista y bermas T2,m2,2018-08-20,214+600,214+640,40
km 214+580 - 214+630,2018,Limpieza de carril/pista y bermas T2,m2,2018-08-21,214+580,214+640,60
km 214+580 - 214+630,2018,Limpieza de carril/pista y bermas T2,m2,2018-08-21,214+580,214+640,60
km 214+580 - 214+630,2018,Limpieza de carril/pista y bermas T2,m2,2018-08-25,214+580,214+620,50
km 214+580 - 214+630,2018,Limpieza de carril/pista y bermas T2,m2,2018-08-26,214+600,214+620,80
km 214+580 - 214+630,2018,Limpieza Manual de Cuneta de Vía T2,ml,2018-08-27,214+580,214+640,60
km 214+580 - 214+630,2018,Limpieza de carril/pista y bermas T2,m2,2018-08-30,214+600,214+620,20
km 214+580 - 214+630,2018,Limpieza de carril/pista y bermas T2,m2,2018-09-02,214+620,214+640,20
km 214+580 - 214+630,2018,Limpieza de carril/pista y bermas T2,m2,2018-09-14,214+600,214+640,40
km 214+580 - 214+630,2018,Limpieza de carril/pista y bermas T2,m2,2018-09-16,214+570,214+580,10
km 214+580 - 214+630,2018,Limpieza de carril/pista y bermas T2,m2,2018-09-16,214+600,214+630,30
km 214+580 - 214+630,2018,Limpieza mecanizada de cabezal de alcantarilla T2,m3,2018-09-16,214+600,214+610,15
km 214+580 - 214+630,2018,Limpieza de carril/pista y bermas T2,m2,2018-09-18,214+600,214+620,50
km 214+580 - 214+630,2018,Limpieza de carril/pista y bermas T2,m2,2018-09-20,214+580,214+680,120
km 214+580 - 214+630,2018,Limpieza de carril/pista y bermas T2,m2,2018-09-23,214+600,214+670,100
km 214+580 - 214+630,2018,Limpieza de carril/pista y bermas T2,m2,2018-09-29,214+600,214+620,20
km 214+580 - 214+630,2018,Limpieza Manual de Cuneta de Vía T2,ml,2018-10-03,214+600,214+640,40
km 214+580 - 214+630,2018,Limpieza de Deslizamientos Menores < 15 m3 T2,m3,2018-10-06,214+600,214+640,15
km 214+580 - 214+630,2018,Limpieza Manual de Cuneta de Vía T2,ml,2018-10-07,212+000,223+000,4000
km 214+580 - 214+630,2018,Limpieza de carril/pista y bermas T2,m2,2018-10-13,141+000,246+000,576
km 214+580 - 214+630,2018,Limpieza de carril/pista y bermas T2,m2,2018-10-14,141+000,246+000,900
km 214+580 - 214+630,2018,Limpieza de carril/pista y bermas T2,m2,2018-10-16,214+000,214+600,300
km 214+580 - 214+630,2018,Limpieza Manual de Cuneta de Vía T2,ml,2018-10-21,198+000,220+000,2500
km 214+580 - 214+630,2018,Limpieza de carril/pista y bermas T2,m2,2018-11-15,214+600,214+620,10
km 214+580 - 214+630,2018,Limpieza de carril/pista y bermas T2,m2,2018-12-03,214+000,214+700,432
km 214+580 - 214+630,2019,Limpieza Manual de Cuneta de Vía T2,ml,2018-12-28,214+600,214+630,30
km 214+580 - 214+630,2019,Remocion de Derrumbes T2,m3,2019-01-13,214+630,214+645,30
km 214+580 - 214+630,2019,Limpieza de carril/pista y bermas T2,m2,2019-02-01,214+620,214+630,144
km 214+580 - 214+630,2019,Limpieza de carril/pista y bermas T2,m2,2019-02-02,214+600,214+640,40
km 214+580 - 214+630,2019,Limpieza de carril/pista y bermas T2,m2,2019-02-03,214+600,214+610,10
km 214+580 - 214+630,2019,Limpieza de Barandas Metálicas T2,m2,2019-02-04,210+020,219+080,16
km 214+580 - 214+630,2019,Limpieza Manual de Cuneta de Vía T2,ml,2019-02-08,214+600,214+700,10
km 214+580 - 214+630,2019,Limpieza de carril/pista y bermas T2,m2,2019-02-20,214+600,214+620,20
km 214+580 - 214+630,2019,Remocion de Derrumbes T2,m3,2019-03-01,214+600,214+620,45
km 214+580 - 214+630,2019,Remocion de Derrumbes T2,m3,2019-03-04,214+600,214+620,90
km 214+580 - 214+630,2019,Remocion de Derrumbes T2,m3,2019-03-05,214+600,214+620,135
km 214+580 - 214+630,2019,Desbroce Manual T2,m2,2019-03-07,212+000,215+000,12000
km 214+580 - 214+630,2019,Limpieza Juntas de Cuneta y Berma,#N/A,2019-03-07,212+000,215+000,1700
km 214+580 - 214+630,2019,Limpieza Manual de Cuneta de Vía T2,ml,2019-03-07,212+000,215+000,3000
km 214+580 - 214+630,2019,Limpieza de carril/pista y bermas T2,m2,2019-03-08,214+570,214+590,30
km 214+580 - 214+630,2019,Limpieza de carril/pista y bermas T2,m2,2019-03-09,214+600,214+620,72
km 214+580 - 214+630,2019,Limpieza de Barandas Metálicas T2,m2,2019-03-19,207+390,2017+400,20
km 214+580 - 214+630,2019,#N/A,#N/A,2019-03-19,213+000,216+000,1700
km 214+580 - 214+630,2019,Remocion de Derrumbes T2,m3,2019-03-19,214+580,214+600,480
km 214+580 - 214+630,2019,Remocion de Derrumbes T2,m3,2019-03-19,214+580,214+600,120
km 214+580 - 214+630,2019,Remocion de Derrumbes T2,m3,2019-03-19,214+580,214+600,90
km 214+580 - 214+630,2019,Remocion de Derrumbes T2,m3,2019-03-19,214+580,214+600,15
km 214+580 - 214+630,2019,Limpieza de carril/pista y bermas T2,m2,2019-03-19,214+600,214+620,72
km 214+580 - 214+630,2019,Limpieza de carril/pista y bermas T2,m2,2019-03-19,214+600,214+620,72
km 214+580 - 214+630,2019,Remocion de Derrumbes T2,m3,2019-03-19,76+980,770+000,300
km 214+580 - 214+630,2019,Limpieza Manual de Cuneta de Vía T2,ml,2019-03-25,214+570,214+600,30
km 214+580 - 214+630,2019,Limpieza de Deslizamientos Menores < 15 m3 T2,m3,2019-03-25,214+580,214+600,15
km 214+580 - 214+630,2019,Limpieza de carril/pista y bermas T2,m2,2019-03-25,214+610,214+640,30
km 214+580 - 214+630,2019,Limpieza Manual de Cuneta de Vía T2,ml,2019-05-08,214+600,214+650,50
km 214+580 - 214+630,2019,Limpieza de carril/pista y bermas T2,m2,2019-05-11,214+600,214+620,72
km 214+580 - 214+630,2019,Limpieza de carril/pista y bermas T2,m2,2019-05-26,214+600,214+650,180
km 214+580 - 214+630,2019,Limpieza Manual de Cuneta de Vía T2,ml,2019-06-09,214+600,214+650,50
km 214+580 - 214+630,2019,Limpieza Manual de Cuneta de Vía T2,ml,2019-06-28,214+500,214+600,100
km 214+580 - 214+630,2019,Limpieza Manual de Cuneta de Vía T2,ml,2019-08-01,214+600,214+660,60
km 214+580 - 214+630,2019,Limpieza Manual de Cuneta de Vía T2,ml,2019-08-22,116+000,1116+620,150
km 214+580 - 214+630,2019,Desbroce Manual T2,m2,2019-09-05,214+000,215+500,9000
km 214+580 - 214+630,2019,Limpieza de juntas en cunetas y berma,ml,2019-09-05,214+000,215+500,850
km 214+580 - 214+630,2019,Limpieza Manual de Cuneta de Vía T2,ml,2019-09-05,214+000,215+500,1500
km 214+580 - 214+630,2019,Limpieza de Placas de Señalización Vertical T2,m2,2019-09-05,214+000,215+500,7.3125
km 214+580 - 214+630,2019,Limpieza de Placas de Señalización Vertical T2,m2,2019-09-05,214+000,215+500,2.88
km 214+580 - 214+630,2019,Limpieza de Delineador T2,und,2019-09-05,214+000,215+500,23
km 214+580 - 214+630,2019,Limpieza Manual de Cuneta de Vía T2,ml,2019-09-11,214+590,214+640,50
km 214+580 - 214+630,2019,Limpieza de carril/pista y bermas T2,m2,2019-09-21,214+000,214+600,576
km 214+580 - 214+630,2019,Limpieza de carril/pista y bermas T2,m2,2019-09-21,214+600,214+650,180
km 214+580 - 214+630,2019,Limpieza de carril/pista y bermas T2,m2,2019-09-29,214+630,214+650,72
km 214+580 - 214+630,2019,Limpieza Manual de Cuneta de Vía T2,ml,2019-10-22,139+300,239+400,100
km 214+580 - 214+630,2019,Limpieza de Guardavías T2,ml,2019-10-24,214+620,214+640,20
km 214+580 - 214+630,2019,Limpieza Manual de Cuneta de Vía T2,ml,2019-11-03,214+600,214+630,30
km 214+580 - 214+630,2019,Limpieza mecanizada de cabezal de alcantarilla T2,m3,2019-11-04,214+580,214+590,15
km 214+580 - 214+630,2019,Limpieza Manual de Cuneta de Vía T2,ml,2019-11-11,212+180,2122+230,50
km 214+580 - 214+630,2019,Limpieza de carril/pista y bermas T2,m2,2019-11-24,214+620,214+640,72
km 214+580 - 214+630,2019,Limpieza Manual de Cuneta de Vía T2,ml,2019-12-04,114+500,214+600,100
km 214+580 - 214+630,2019,Limpieza Manual de Cuneta de Vía T2,ml,2019-12-20,214+250,214+700,450
km 214+580 - 214+630,2020,Limpieza de Deslizamientos Menores < 15 m3 T2,m3,2019-12-29,64+150,646+160,10
km 214+580 - 214+630,2020,Limpieza Manual de Cuneta de Vía T2,ml,2020-01-07,193+000,913+800,800
km 214+580 - 214+630,2020,Limpieza Manual de Cabezal de Alcantarilla T2,ml,2020-01-18,214+600,214+610,10
km 214+580 - 214+630,2020,Desbroce Manual T2,m2,2020-01-22,212+200,214+800,15600
km 214+580 - 214+630,2020,Limpieza Manual de Cuneta de Vía T2,ml,2020-01-22,212+200,214+800,2600
km 214+580 - 214+630,2020,Limpieza de juntas en cuneta y berma,ml,2020-01-22,212+200,214+800,1473.3333333333333
km 214+580 - 214+630,2020,Limpieza de Delineador T2,und,2020-01-22,212+700,214+800,41
km 214+580 - 214+630,2020,Limpieza de Placas de Señalización Vertical T2,m2,2020-01-22,212+700,214+800,10.6875
km 214+580 - 214+630,2020,Reposición de Tachas Reflectivas T2,und,2020-01-23,42+000,434+000,27
km 214+580 - 214+630,2020,Reposición de Tachas Reflectivas T2,und,2020-01-23,42+000,434+000,26
km 214+580 - 214+630,2020,Limpieza Manual de Cuerpo de Alcantarilla T2,ml,2020-02-03,214+580,214+590,10
km 214+580 - 214+630,2020,Limpieza Manual de Cabezal de Alcantarilla T2,ml,2020-02-03,214+580,214+590,20
km 214+580 - 214+630,2020,Limpieza Manual de Cuneta de Vía T2,ml,2020-04-19,214+095,224+100,10
km 214+580 - 214+630,2020,Limpieza de carril/pista y bermas T2,m2,2020-05-13,214+600,214+620,72
km 214+580 - 214+630,2020,Limpieza de carril/pista y bermas T2,m2,2020-05-16,214+620,214+624,14.4
km 214+580 - 214+630,2020,Limpieza Manual de Cuneta de Vía T2,ml,2020-05-24,214+620,214+640,30
km 214+580 - 214+630,2020,Limpieza de Juntas en Cuneta y Berma,ml,2020-05-24,214+620,214+640,25.5
km 214+580 - 214+630,2020,Limpieza de carril/pista y bermas T2,m2,2020-06-05,214+600,214+630,33.6
km 214+580 - 214+630,2020,Limpieza mecanizada de cabezal de alcantarilla T2,m3,2020-06-13,214+600,214+610,45
km 214+580 - 214+630,2020,Limpieza Manual de Cuneta de Vía T2,ml,2020-06-24,214+000,215+000,800
km 214+580 - 214+630,2020,Desbroce Manual T2,m2,2020-06-24,214+220,215+000,2400
km 214+580 - 214+630,2020,Limpieza de Juntas en Cunetas y Bermas,ml,2020-06-24,214+220,215+000,453.3333333333333
km 214+580 - 214+630,2020,Limpieza Manual de Cuneta de Vía T2,ml,2020-06-26,214+200,214+860,640
km 214+580 - 214+630,2020,Desbroce Manual T2,m2,2020-06-30,214+000,215+000,3000
km 214+580 - 214+630,2020,Limpieza mecanizada de cabezal de alcantarilla T2,m3,2020-07-20,213+450,215+455,15
km 214+580 - 214+630,2020,Limpieza Manual de Cuneta de Vía T2,ml,2020-08-06,214+600,214+650,50
km 214+580 - 214+630,2020,Limpieza de Juntas en Cunetas y Bermas,ml,2020-08-06,214+600,214+650,28.333333333333332
km 214+580 - 214+630,2020,Reposición de Delineador T2,und,2020-09-15,212+200,221+150,4
km 214+580 - 214+630,2020,Repintado de delineador T2,und,2020-09-15,212+200,221+150,4
km 214+580 - 214+630,2020,Limpieza mecanizada de cabezal de alcantarilla T2,m3,2020-09-18,214+590,214+600,15
km 214+580 - 214+630,2020,Limpieza Manual de Cuneta de Vía T2,ml,2020-09-21,174+519,3174+561,42
km 214+580 - 214+630,2020,Limpieza de Guardavías T2,ml,2020-10-02,214+565,214+581,16
km 214+580 - 214+630,2020,Limpieza Manual de Cuneta de Vía T2,ml,2020-10-19,22+530,222+600,70
km 214+580 - 214+630,2020,Limpieza Residuos Solidos / Basuras,m2,2020-11-15,214+150,214+700,90
km 214+580 - 214+630,2020,Limpieza mecanizada de cabezal de alcantarilla T2,m3,2020-11-21,214+590,214+620,60
km 214+580 - 214+630,2020,Limpieza mecanizada de cabezal de alcantarilla T2,m3,2020-11-22,214+590,214+620,30
km 214+580 - 214+630,2020,Limpieza Manual de Cuneta de Vía T2,ml,2020-11-26,214+200,215+800,150
km 214+580 - 214+630,2020,Limpieza de Juntas en Cunetas y Bermas,ml,2020-11-26,214+200,215+800,85
km 214+580 - 214+630,2020,Limpieza Manual de Cuneta de Vía T2,ml,2020-11-29,214+600,214+620,20
km 214+580 - 214+630,2020,Limpieza de Juntas en Cunetas y Bermas,ml,2020-11-29,214+600,214+620,11.333333333333334
km 214+580 - 214+630,2020,Limpieza Manual de Cabezal de Alcantarilla T2,ml,2020-12-02,214+580,214+585,25
km 214+580 - 214+630,2021,Desbroce Manual T2,m2,2021-01-28,204+760,2043+840,40
km 214+580 - 214+630,2021,Limpieza mecanizada de cabezal de alcantarilla T2,m3,2021-02-05,214+590,214+590,30
km 214+580 - 214+630,2021,Limpieza de Deslizamientos Menores < 15 m3 T2,m3,2021-02-20,214+600,214+630,15
km 214+580 - 214+630,2021,Limpieza Manual de Cabezal de Alcantarilla T2,ml,2021-02-20,214+600,214+605,12
km 214+580 - 214+630,2021,Limpieza de carril/pista y bermas T2,m2,2021-02-21,214+610,214+630,72
km 214+580 - 214+630,2021,Limpieza Manual de Cuneta de Vía T2,ml,2021-03-14,214+629,214+650,20
km 214+580 - 214+630,2021,Limpieza de carril/pista y bermas T2,m2,2021-03-27,214+600,214+700,120
km 214+580 - 214+630,2021,Limpieza Manual de Cuneta de Vía T2,ml,2021-03-29,132+150,232+480,300
km 214+580 - 214+630,2021,Limpieza de Juntas en Cunetas y Bermas,ml,2021-03-29,132+150,232+480,170
km 214+580 - 214+630,2021,Limpieza Manual de Cuneta de Vía T2,ml,2021-04-03,214+610,214+615,5
km 214+580 - 214+630,2021,Limpieza de postes (hitos) kilométricos T2,und,2021-04-07,140+300,231+510,1
km 214+580 - 214+630,2021,Limpieza Manual de Cuneta de Vía T2,ml,2021-04-11,214+600,214+650,50
km 214+580 - 214+630,2021,Limpieza de carril/pista y bermas T2,m2,2021-04-24,214+600,214+630,50
km 214+580 - 214+630,2021,Limpieza Manual de Cuneta de Vía T2,ml,2021-05-11,214+450,214+700,250
km 214+580 - 214+630,2021,Limpieza de Deslizamientos Menores < 15 m3 T2,m3,2021-05-11,214+540,214+600,15
km 214+580 - 214+630,2021,Limpieza de Deslizamientos Menores < 15 m3 T2,m3,2021-05-11,214+600,214+650,25
km 214+580 - 214+630,2021,Limpieza de Guardavías T2,ml,2021-05-20,204+740,220+800,60
km 214+580 - 214+630,2021,Limpieza Manual de Cuneta de Vía T2,ml,2021-05-23,214+600,214+630,30
km 214+580 - 214+630,2021,Limpieza de Juntas en Cunetas y Bermas,ml,2021-05-23,214+600,214+630,17
km 214+580 - 214+630,2021,Limpieza de carril/pista y bermas T2,m2,2021-05-24,214+600,214+650,20
km 214+580 - 214+630,2021,Limpieza de Deslizamientos Menores < 15 m3 T2,m3,2021-05-30,214+600,214+650,5
km 214+580 - 214+630,2021,Limpieza Manual de Cuerpo de Alcantarilla T2,ml,2021-06-02,214+580,214+590,10
km 214+580 - 214+630,2021,Remocion de Derrumbes T2,m3,2021-06-11,214+580,214+620,30
km 214+580 - 214+630,2021,Remocion de Derrumbes T2,m3,2021-06-12,214+580,214+620,195
km 214+580 - 214+630,2021,Remocion de Derrumbes T2,m3,2021-06-15,214+580,214+620,15
km 214+580 - 214+630,2021,Remocion de Derrumbes T2,m3,2021-06-16,214+580,214+620,60
km 214+580 - 214+630,2021,Limpieza de Deslizamientos Menores < 15 m3 T2,m3,2021-06-25,214+580,214+600,20
km 214+580 - 214+630,2021,Limpieza Manual de Cuneta de Vía T2,ml,2021-06-26,214+580,214+620,20
km 214+580 - 214+630,2021,Limpieza de Deslizamientos Menores < 15 m3 T2,m3,2021-06-27,214+580,214+620,15
km 214+580 - 214+630,2021,Remocion de Derrumbes T2,m3,2021-06-28,214+580,214+620,405
km 214+580 - 214+630,2021,Limpieza Manual de Cuneta de Vía T2,ml,2021-07-02,209+200,230+000,800
km 214+580 - 214+630,2021,Limpieza Residuos Solidos / Basuras,m2,2021-07-02,209+200,230+300,40
km 214+580 - 214+630,2021,Limpieza de carril/pista y bermas T2,m2,2021-07-04,214+600,214+620,20
km 214+580 - 214+630,2021,Remocion de Derrumbes T2,m3,2021-07-06,214+580,214+620,75
km 214+580 - 214+630,2021,Remocion de Derrumbes T2,m3,2021-07-07,214+580,214+620,60
km 214+580 - 214+630,2021,Remocion de Derrumbes T2,m3,2021-07-08,214+580,214+620,60
km 214+580 - 214+630,2021,Limpieza Residuos Solidos / Basuras,m2,2021-07-18,214+600,214+630,30
km 214+580 - 214+630,2021,Limpieza de carril/pista y bermas T2,m2,2021-07-25,214+100,214+750,650
km 214+580 - 214+630,2021,Desbroce Manual T2,m2,2021-07-27,211+900,222+070,510
km 214+580 - 214+630,2021,Limpieza Residuos Solidos / Basuras,m2,2021-07-28,214+600,214+620,20
km 214+580 - 214+630,2021,Limpieza de carril/pista y bermas T2,m2,2021-08-04,214+540,214+660,360
km 214+580 - 214+630,2021,Limpieza Manual de Cuneta de Vía T2,ml,2021-08-04,214+580,214+596,16
km 214+580 - 214+630,2021,Limpieza de carril/pista y bermas T2,m2,2021-08-04,214+600,214+750,450
km 214+580 - 214+630,2021,Limpieza Manual de Cuneta de Vía T2,ml,2021-08-04,214+630,214+650,20
km 214+580 - 214+630,2021,Limpieza de carril/pista y bermas T2,m2,2021-08-08,214+600,214+620,72
km 214+580 - 214+630,2021,Desbroce Manual T2,m2,2021-08-13,214+500,215+000,3000
km 214+580 - 214+630,2021,Limpieza Manual de Cuneta de Vía T2,ml,2021-08-13,214+500,216+000,1500
km 214+580 - 214+630,2021,Limpieza Residuos Solidos / Basuras,m2,2021-08-13,214+500,216+000,80
km 214+580 - 214+630,2021,Limpieza de Juntas en Cunetas y Bermas,ml,2021-08-13,214+500,216+000,850
km 214+580 - 214+630,2021,Limpieza Manual de Cuneta de Vía T2,ml,2021-08-26,214+520,214+590,70
km 214+580 - 214+630,2021,Limpieza de carril/pista y bermas T2,m2,2021-08-26,214+600,214+620,60
km 214+580 - 214+630,2021,Limpieza mecanizada de cabezal de alcantarilla T2,m3,2021-09-02,214+580,214+590,160
km 214+580 - 214+630,2021,Limpieza Manual de Cuneta de Vía T2,ml,2021-09-05,214+600,214+620,20
km 214+580 - 214+630,2021,Limpieza de carril/pista y bermas T2,m2,2021-09-11,214+600,214+650,120
km 214+580 - 214+630,2021,Limpieza de Deslizamientos Menores < 15 m3 T2,m3,2021-09-16,214+600,214+620,20
km 214+580 - 214+630,2021,Limpieza de carril/pista y bermas T2,m2,2021-09-22,214+450,214+600,100
km 214+580 - 214+630,2021,Limpieza de carril/pista y bermas T2,m2,2021-09-28,214+600,214+620,20
km 214+580 - 214+630,2021,Limpieza Manual de Cuerpo de Alcantarilla T2,ml,2021-10-04,214+580,214+590,10
km 214+580 - 214+630,2021,Limpieza de carril/pista y bermas T2,m2,2021-10-15,212+450,217+900,80
km 214+580 - 214+630,2021,Limpieza de carril/pista y bermas T2,m2,2021-11-01,214+600,214+620,20
km 214+580 - 214+630,2021,Limpieza mecanizada de cabezal de alcantarilla T2,m3,2021-11-02,214+580,214+590,15
km 214+580 - 214+630,2021,Limpieza de carril/pista y bermas T2,m2,2021-11-12,214+590,214+620,40
km 214+580 - 214+630,2021,Limpieza de carril/pista y bermas T2,m2,2021-11-18,214+570,214+590,40
km 214+580 - 214+630,2021,Limpieza Manual de Cuneta de Vía T2,ml,2021-11-26,214+500,214+600,100
km 214+580 - 214+630,2021,Desbroce Manual T2,m2,2021-12-15,213+300,217+700,4800
km 214+580 - 214+630,2021,Limpieza Manual de Cuneta de Vía T2,ml,2021-12-20,214+500,214+650,150
km 214+580 - 214+630,2021,Limpieza mecanizada de cabezal de alcantarilla T2,m3,2021-12-20,214+570,214+580,45
km 214+580 - 214+630,2021,Limpieza Manual de Cuneta de Vía T2,ml,2021-12-22,205+900,217+980,80
km 214+580 - 214+630,2022,Limpieza Residuos Sólidos / Basuras,m2,2021-12-26,111+600,214+630,30
km 214+580 - 214+630,2022,Repintado de Parapetos Muros T2,m2,2022-01-05,144+167,244+180,7.8
km 214+580 - 214+630,2022,Limpieza de carril/pista y bermas T2,m2,2022-01-15,214+600,214+620,60
km 214+580 - 214+630,2022,Limpieza de carril/pista y bermas T2,m2,2022-02-06,214+600,214+620,20
km 214+580 - 214+630,2022,Remocion de Derrumbes T2,m3,2022-02-08,214+570,214+590,150
km 214+580 - 214+630,2022,Limpieza Manual de Cuneta de Vía T2,ml,2022-02-08,214+600,214+950,350
km 214+580 - 214+630,2022,Limpieza de Deslizamientos Menores < 15 m3 T2,m3,2022-02-12,214+600,214+620,70
km 214+580 - 214+630,2022,Limpieza de carril/pista y bermas T2,m2,2022-02-25,214+600,214+650,50
km 214+580 - 214+630,2022,Limpieza de Deslizamientos Menores < 15 m3 T2,m3,2022-03-24,214+600,214+700,15
km 214+580 - 214+630,2022,Limpieza de carril/pista y bermas T2,m2,2022-03-26,214+600,214+650,50
km 214+580 - 214+630,2022,Limpieza de carril/pista y bermas T2,m2,2022-03-31,214+600,214+650,100
km 214+580 - 214+630,2022,Limpieza mecanizada de cabezal de alcantarilla T2,m3,2022-04-13,203+890,223+895,5
km 214+580 - 214+630,2022,Limpieza de carril/pista y bermas T2,m2,2022-04-15,214+540,214+600,20
km 214+580 - 214+630,2022,Limpieza de carril/pista y bermas T2,m2,2022-05-08,214+600,214+620,20
km 214+580 - 214+630,2022,Limpieza Manual de Cuneta de Vía T2,ml,2022-05-15,214+600,214+620,20
km 214+580 - 214+630,2022,Limpieza de carril/pista y bermas T2,m2,2022-05-25,214+600,214+650,100
km 214+580 - 214+630,2022,Limpieza de carril/pista y bermas T2,m2,2022-06-22,214+600,214+650,100
km 214+580 - 214+630,2022,Desbroce Manual T2,m2,2022-07-06,214+115,217+920,4000
km 214+580 - 214+630,2022,Limpieza Manual de Cuneta de Vía T2,ml,2022-07-06,214+115,217+770,3000
km 214+580 - 214+630,2022,Limpieza de Juntas en Cunetas y Bermas,ml,2022-07-06,214+115,217+770,1700
km 214+580 - 214+630,2022,Limpieza de carril/pista y bermas T2,m2,2022-07-11,214+600,214+650,50
km 214+580 - 214+630,2022,Limpieza de carril/pista y bermas T2,m2,2022-07-12,214+600,214+650,50
km 214+580 - 214+630,2022,Limpieza de carril/pista y bermas T2,m2,2022-07-14,214+600,214+640,60
km 214+580 - 214+630,2022,Limpieza de carril/pista y bermas T2,m2,2022-07-24,214+600,214+620,50
km 214+580 - 214+630,2022,Limpieza Manual de Cuneta de Vía T2,ml,2022-07-31,214+600,214+620,20
km 214+580 - 214+630,2022,Limpieza de carril/pista y bermas T2,m2,2022-08-04,214+600,214+650,100
km 214+580 - 214+630,2022,Limpieza de carril/pista y bermas T2,m2,2022-08-06,214+600,214+650,80
km 214+580 - 214+630,2022,Limpieza de carril/pista y bermas T2,m2,2022-08-21,214+600,214+620,20
km 214+580 - 214+630,2022,Limpieza Manual de Cuneta de Vía T2,ml,2022-09-04,214+600,214+620,20
km 214+580 - 214+630,2022,Limpieza de Juntas en Cunetas y Bermas,ml,2022-09-04,214+600,214+620,11.333333333333334
km 214+580 - 214+630,2022,Limpieza de carril/pista y bermas T2,m2,2022-09-05,214+600,214+630,30
km 214+580 - 214+630,2022,Limpieza de carril/pista y bermas T2,m2,2022-09-10,214+600,214+640,40
km 214+580 - 214+630,2022,Limpieza mecanizada de cabezal de alcantarilla T2,m3,2022-09-17,214+580,214+584,15
km 214+580 - 214+630,2022,Limpieza de carril/pista y bermas T2,m2,2022-10-10,213+500,214+600,200
km 214+580 - 214+630,2022,Limpieza Manual de Cuneta de Vía T2,ml,2022-10-15,214+600,214+630,30
km 214+580 - 214+630,2022,Limpieza de carril/pista y bermas T2,m2,2022-10-22,214+600,214+650,100
km 214+580 - 214+630,2022,Limpieza de carril/pista y bermas T2,m2,2022-11-21,214+550,214+600,150
km 214+580 - 214+630,2022,Remocion de Derrumbes T2,m3,2022-12-03,214+600,214+650,15
km 214+580 - 214+630,2022,Remocion de Derrumbes T2,m3,2022-12-04,214+600,214+650,90
km 214+580 - 214+630,2022,Limpieza Manual de Cuneta de Vía T2,ml,2022-12-10,214+600,214+630,30
km 214+580 - 214+630,2022,Limpieza de carril/pista y bermas T2,m2,2022-12-11,214+600,214+620,20
km 214+580 - 214+630,2022,Limpieza de carril/pista y bermas T2,m2,2022-12-12,214+600,214+650,110
km 214+580 - 214+630,2022,Limpieza de carril/pista y bermas T2,m2,2022-12-18,214+600,214+650,150
km 214+580 - 214+630,2022,Limpieza Manual de Cuneta de Vía T2,ml,2022-12-20,214+060,214+600,560
km 214+580 - 214+630,2022,Limpieza de Deslizamientos Menores < 15 m3 T2,m3,2022-12-20,214+500,214+600,14
km 214+580 - 214+630,2022,Limpieza de carril/pista y bermas T2,m2,2022-12-20,214+600,214+620,20
km 214+580 - 214+630,2023,Limpieza de Deslizamientos Menores < 15 m3 T2,m3,2022-12-24,214+600,214+610,15
km 214+580 - 214+630,2023,Limpieza de Deslizamientos Menores < 15 m3 T2,m3,2022-12-24,214+620,214+650,15
km 214+580 - 214+630,2023,Remocion de Derrumbes T2,m3,2022-12-26,214+580,214+650,630
km 214+580 - 214+630,2023,Remocion de Derrumbes T2,m3,2022-12-27,214+600,214+650,30
km 214+580 - 214+630,2023,Remocion de Derrumbes T2,m3,2022-12-29,214+580,214+650,240
km 214+580 - 214+630,2023,Limpieza de carril/pista y bermas T2,m2,2022-12-30,214+600,214+680,100
km 214+580 - 214+630,2023,Limpieza Manual de Cuneta de Vía T2,ml,2023-01-03,214+400,214+600,200
km 214+580 - 214+630,2023,Limpieza de carril/pista y bermas T2,m2,2023-01-04,214+580,214+650,150
km 214+580 - 214+630,2023,Limpieza Manual de Cuneta de Vía T2,ml,2023-01-04,214+600,214+650,100
km 214+580 - 214+630,2023,Limpieza Manual de Cuneta de Vía T2,ml,2023-01-06,152+700,1528+000,100
km 214+580 - 214+630,2023,Limpieza de Juntas en Cunetas y Bermas,ml,2023-01-06,152+700,1528+000,56.666666666666664
km 214+580 - 214+630,2023,Remocion de Derrumbes T2,m3,2023-01-07,214+600,214+670,120
km 214+580 - 214+630,2023,Remocion de Derrumbes T2,m3,2023-01-08,214+600,214+670,60
km 214+580 - 214+630,2023,Limpieza de Deslizamientos Menores < 15 m3 T2,m3,2023-01-15,214+600,214+650,14
km 214+580 - 214+630,2023,Limpieza Manual de Cuneta de Vía T2,ml,2023-01-29,214+600,214+670,70
km 214+580 - 214+630,2023,Remocion de Derrumbes T2,m3,2023-01-30,214+600,214+670,270
km 214+580 - 214+630,2023,Limpieza Manual de Cuneta de Vía T2,ml,2023-01-30,214+600,214+670,70
km 214+580 - 214+630,2023,Remocion de Derrumbes T2,m3,2023-02-07,214+600,214+670,330
km 214+580 - 214+630,2023,Remocion de Derrumbes T2,m3,2023-02-08,214+600,214+670,330
km 214+580 - 214+630,2023,Remocion de Derrumbes T2,m3,2023-02-09,214+600,214+670,180
km 214+580 - 214+630,2023,Limpieza Manual de Cuneta de Vía T2,ml,2023-02-19,214+600,214+650,50
km 214+580 - 214+630,2023,Remocion de Derrumbes T2,m3,2023-02-28,214+600,214+670,105
km 214+580 - 214+630,2023,Remocion de Derrumbes T2,m3,2023-03-01,214+600,214+670,105
km 214+580 - 214+630,2023,Limpieza de carril/pista y bermas T2,m2,2023-03-02,214+600,214+670,70
km 214+580 - 214+630,2023,Limpieza Manual de Cuneta de Vía T2,ml,2023-03-05,214+610,214+630,30
km 214+580 - 214+630,2023,Limpieza Manual de Cuneta de Vía T2,ml,2023-03-12,214+600,214+650,100
km 214+580 - 214+630,2023,Remocion de Derrumbes T2,m3,2023-04-08,214+600,214+670,15
km 214+580 - 214+630,2023,Limpieza Manual de Cuneta de Vía T2,ml,2023-04-28,214+500,214+650,150
km 214+580 - 214+630,2023,Limpieza de carril/pista y bermas T2,m2,2023-05-01,214+600,214+635,135
km 214+580 - 214+630,2023,Limpieza Manual de Cuneta de Vía T2,ml,2023-05-02,178+500,1749+700,200
km 214+580 - 214+630,2023,Limpieza de Deslizamientos Menores < 15 m3 T2,m3,2023-05-05,214+600,214+650,15
km 214+580 - 214+630,2023,Limpieza de carril/pista y bermas T2,m2,2023-05-07,214+600,214+620,60
km 214+580 - 214+630,2023,Desbroce Manual T2,m2,2023-05-10,214+200,214+700,3000
km 214+580 - 214+630,2023,Limpieza de Placas de Señalización Vertical T2,m2,2023-05-11,214+200,220+460,1.92
km 214+580 - 214+630,2023,Limpieza de Placas de Señalización Vertical T2,m2,2023-05-11,214+200,220+460,1.125
km 214+580 - 214+630,2023,Limpieza de Deslizamientos Menores < 15 m3 T2,m3,2023-05-20,214+600,214+680,14
km 214+580 - 214+630,2023,Limpieza Manual de Cuneta de Vía T2,ml,2023-05-28,214+600,214+630,50
km 214+580 - 214+630,2023,Limpieza Manual de Cuneta de Vía T2,ml,2023-06-10,214+600,214+640,120
km 214+580 - 214+630,2023,Limpieza Manual de Cuneta de Vía T2,ml,2023-06-11,214+600,214+630,30
km 214+580 - 214+630,2023,Limpieza de Deslizamientos Menores < 15 m3 T2,m3,2023-06-12,214+600,214+650,15
km 214+580 - 214+630,2023,Limpieza mecanizada de cabezal de alcantarilla T2,m3,2023-06-28,214+600,214+610,18
km 214+580 - 214+630,2023,Limpieza Manual de Cabezal de Alcantarilla T2,ml,2023-10-26,153+610,1536+120,10
km 214+580 - 214+630,2023,Limpieza Residuos Sólidos / Basuras,m2,2023-10-31,169+220,2169+320,20
km 214+580 - 214+630,2023,Remocion de Derrumbes T2,m3,2023-12-12,214+600,214+630,285
km 214+580 - 214+630,2024,Remocion de Derrumbes T2,m3,2023-12-27,214+600,214+630,150
km 214+580 - 214+630,2024,Limpieza de carril/pista y bermas T2,m2,2023-12-30,214+600,214+630,30
km 214+580 - 214+630,2024,Limpieza de carril/pista y bermas T2,m2,2023-12-31,214+600,214+630,30
km 214+580 - 214+630,2024,Remocion de Derrumbes T2,m3,2024-01-01,214+600,214+630,90
km 214+580 - 214+630,2024,Limpieza de carril/pista y bermas T2,m2,2024-01-07,214+600,214+630,30
km 214+580 - 214+630,2024,Desbroce Manual T2,m2,2024-01-30,214+300,214+600,1500
km 214+580 - 214+630,2024,Remocion de Derrumbes T2,m3,2024-01-30,214+600,214+630,90
km 214+580 - 214+630,2024,Remocion de Derrumbes T2,m3,2024-01-31,214+600,214+630,90
km 214+580 - 214+630,2024,Limpieza de carril/pista y bermas T2,m2,2024-01-31,214+600,214+630,60
km 214+580 - 214+630,2024,Pintura o Reaplicación por Aspersión T2,ml,2024-02-16,214+240,214+665,415
km 214+580 - 214+630,2024,Limpieza de carril/pista y bermas T2,m2,2024-02-16,214+500,214+665,60
km 214+580 - 214+630,2024,Remocion de Derrumbes T2,m3,2024-02-17,214+600,214+620,60
km 214+580 - 214+630,2024,Pintura o Reaplicación por Aspersión T2,ml,2024-02-19,214+240,214+665,950
km 214+580 - 214+630,2024,Limpieza Manual de Cuneta de Vía T2,ml,2024-03-11,94+730,947+776,99
km 214+580 - 214+630,2024,Limpieza Manual de Cuneta de Vía T2,ml,2024-03-26,213+700,214+900,120
km 214+580 - 214+630,2024,Limpieza Manual de Cuneta de Vía T2,ml,2024-03-27,213+700,214+900,120
km 214+580 - 214+630,2024,Remocion de Derrumbes T2,m3,2024-03-27,214+600,214+620,135
km 214+580 - 214+630,2024,Remocion de Derrumbes T2,m3,2024-03-28,214+600,214+620,105
km 214+580 - 214+630,2024,Limpieza Manual de Cuneta de Vía T2,ml,2024-03-29,214+550,214+620,70
km 214+580 - 214+630,2024,Remocion de Derrumbes T2,m3,2024-03-29,214+600,214+620,75
km 214+580 - 214+630,2024,Limpieza Manual de Cuneta de Vía T2,ml,2024-04-10,214+520,214+620,100
km 214+580 - 214+630,2024,Desbroce Manual T2,m2,2024-04-29,213+000,231+700,6500
km 214+580 - 214+630,2024,Remocion de Derrumbes T2,m3,2024-05-01,214+600,214+620,15
km 214+580 - 214+630,2024,Limpieza Manual de Cuerpo de Alcantarilla T2,ml,2024-05-01,214+600,214+610,14
km 214+580 - 214+630,2024,Limpieza de carril/pista y bermas T2,m2,2024-05-01,214+600,214+620,80
km 214+580 - 214+630,2024,Limpieza de carril/pista y bermas T2,m2,2024-05-03,214+600,214+630,80
km 214+580 - 214+630,2024,Desbroce Manual T2,m2,2024-05-07,214+300,214+800,2400
km 214+580 - 214+630,2024,Limpieza Manual de Cuneta de Vía T2,ml,2024-06-15,141+000,246+000,450
km 214+580 - 214+630,2024,Limpieza Manual de Cuneta de Vía T2,ml,2024-07-19,214+600,214+800,120
km 214+580 - 214+630,2024,Limpieza de Superfície de Concreto y Dispos. Drenaje T2,ml,2024-07-19,214+600,214+800,4
km 214+580 - 214+630,2025,Limpieza de Deslizamientos Menores < 15 m3 T2,m3,2025-01-04,213+850,231+900,15
km 214+580 - 214+630,2025,Limpieza de carril/pista y bermas T2,m2,2025-01-06,214+600,214+650,100
km 214+580 - 214+630,2025,Limpieza de carril/pista y bermas T2,m2,2025-01-08,214+600,214+650,100
km 214+580 - 214+630,2025,Limpieza de Parapetos Veredas de Concreto T2,m2,2025-01-29,141+450,241+455,5
km 214+580 - 214+630,2025,Limpieza mecanizada de cabezal de alcantarilla T2,m3,2025-02-08,214+590,214+600,15
km 214+580 - 214+630,2025,Limpieza Manual de Cabezal de Alcantarilla T2,ml,2025-02-09,214+540,214+600,14
km 214+580 - 214+630,2025,Limpieza Manual de Cuneta de Vía T2,ml,2025-02-19,213+700,214+800,100
km 214+580 - 214+630,2025,Limpieza de Juntas en Cunetas y Bermas,ml,2025-02-19,213+700,214+800,56.666666666666664
km 214+580 - 214+630,2025,Desbroce Manual T2,m2,2025-02-19,214+000,215+000,8000
km 214+580 - 214+630,2025,Limpieza Manual de Cuneta de Vía T2,ml,2025-02-19,214+000,215+000,800
km 214+580 - 214+630,2025,Limpieza de Juntas en Cunetas y Bermas,ml,2025-02-19,214+000,215+000,453.3333333333333
km 214+580 - 214+630,2025,Limpieza Manual de Cuneta de Vía T2,ml,2025-02-27,143+000,243+900,900
km 214+580 - 214+630,2025,Limpieza de Juntas en Cunetas y Bermas,ml,2025-02-27,143+000,243+900,510
km 214+580 - 214+630,2025,Limpieza de Parapetos Veredas de Concreto T2,m2,2025-03-25,214+570,214+580,6.5
km 214+580 - 214+630,2025,Repintado de Parapetos Muros T2,m2,2025-03-25,214+570,214+580,6
km 214+580 - 214+630,2025,Limpieza Manual de Cuneta de Vía T2,ml,2025-03-28,213+850,215+900,165
km 214+580 - 214+630,2025,Sellado de Juntas de Badenes T2,ml,2025-04-12,214+400,214+900,8
km 214+580 - 214+630,2025,Reparación de las Estructuras de Contención (gabión) T2,m3,2025-04-12,214+400,214+900,0.1
km 214+580 - 214+630,2025,Limpieza Manual de Cuneta de Vía T2,ml,2025-05-16,214+580,214+630,50
km 214+580 - 214+630,2025,Limpieza Manual de Cabezal de Alcantarilla T2,ml,2025-05-16,214+580,214+590,14
km 214+580 - 214+630,2025,Desbroce Manual T2,m2,2025-05-20,214+000,215+000,6000
km 214+580 - 214+630,2025,Limpieza Manual de Cuneta de Vía T2,ml,2025-05-20,214+000,215+000,900
km 214+580 - 214+630,2025,Limpieza de Juntas en Cunetas y Bermas,ml,2025-05-20,214+000,215+000,510
km 214+580 - 214+630,2025,Remocion de Derrumbes T2,m3,2025-05-21,214+580,214+600,225
km 214+580 - 214+630,2025,Limpieza de Parapetos Veredas de Concreto T2,m2,2025-06-02,200+148,220+168,11
km 214+580 - 214+630,2025,Remocion de Derrumbes T2,m3,2025-06-03,214+580,214+600,180
km 214+580 - 214+630,2025,Limpieza de Guardavías T2,ml,2025-06-21,204+395,240+440,45
km 214+580 - 214+630,2025,Limpieza Manual de Cuneta de Vía T2,ml,2025-06-25,206+500,220+000,150
km 214+580 - 214+630,2025,Pintura o Reaplicación por Aspersión T2,ml,2025-07-03,121+400,241+203,12
km 214+580 - 214+630,2025,Limpieza de carril/pista y bermas T2,m2,2025-08-04,214+580,214+630,200
km 214+580 - 214+630,2025,Limpieza mecanizada de cabezal de alcantarilla T2,m3,2025-08-11,214+580,214+590,20
km 214+580 - 214+630,2025,Limpieza Manual de Cuneta de Vía T2,ml,2025-08-19,214+600,214+660,60
km 214+580 - 214+630,2025,Limpieza Manual de Cuneta de Vía T2,ml,2025-08-29,214+580,214+630,50
km 214+580 - 214+630,2025,Limpieza Manual de Cabezal de Alcantarilla T2,ml,2025-08-29,214+580,214+630,14
km 214+580 - 214+630,2025,Limpieza de Cajas de Inspección Subdren T2,und,2025-08-29,214+580,214+630,1
km 214+580 - 214+630,2025,Limpieza Manual / Mecanizada T2,ml,2025-08-29,214+580,214+630,26
km 214+580 - 214+630,2025,Desbroce Manual T2,m2,2025-09-03,214+000,214+600,3600
km 214+580 - 214+630,2025,Limpieza mecanizada de cabezal de alcantarilla T2,m3,2025-09-13,214+580,214+590,20
km 214+580 - 214+630,2025,Desbroce Manual T2,m2,2025-09-13,214+600,214+900,3000
km 214+580 - 214+630,2025,Limpieza Manual de Cuneta de Vía T2,ml,2025-09-18,202+450,242+650,200
km 214+580 - 214+630,2025,Limpieza de Juntas en Cunetas y Bermas,ml,2025-09-18,202+450,242+650,113.33333333333333
km 214+580 - 214+630,2025,Limpieza de carril/pista y bermas T2,m2,2025-10-02,214+600,214+650,120
km 214+580 - 214+630,2025,Limpieza de carril/pista y bermas T2,m2,2025-10-07,214+580,214+620,120
km 214+580 - 214+630,2025,Limpieza de Deslizamientos Menores < 15 m3 T2,m3,2025-10-14,214+500,214+600,15
km 214+580 - 214+630,2025,Limpieza de Deslizamientos Menores < 15 m3 T2,m3,2025-10-14,214+600,214+650,15
km 214+580 - 214+630,2025,Limpieza de carril/pista y bermas T2,m2,2025-10-15,214+500,214+600,200
km 214+580 - 214+630,2025,Limpieza de carril/pista y bermas T2,m2,2025-10-17,214+500,214+600,400
km 214+580 - 214+630,2025,Limpieza Manual de Cuneta de Vía T2,ml,2025-10-23,214+580,214+640,120
km 214+580 - 214+630,2025,Limpieza de carril/pista y bermas T2,m2,2025-10-29,214+400,244+500,150
km 214+580 - 214+630,2025,Limpieza Manual de Cuneta de Vía T2,ml,2025-11-03,214+500,214+720,220
km 214+580 - 214+630,2025,Limpieza de Juntas en Cunetas y Bermas,ml,2025-11-03,214+500,214+720,124.66666666666667
km 214+580 - 214+630,2025,Limpieza de Guardavías T2,ml,2025-11-05,145+155,245+180,25
km 214+580 - 214+630,2025,Limpieza de Parapetos Veredas de Concreto T2,m2,2025-11-05,145+200,245+230,15
km 214+580 - 214+630,2025,Limpieza de Guardavías T2,ml,2025-11-06,210+010,219+030,20
km 214+580 - 214+630,2025,Limpieza de Deslizamientos Menores < 15 m3 T2,m3,2025-11-17,214+580,214+650,14
km 214+580 - 214+630,2025,Limpieza Manual de Cuneta de Vía T2,ml,2025-12-01,214+500,214+600,100
km 214+580 - 214+630,2026,Limpieza de Deslizamientos Menores < 15 m3 T2,m3,2025-12-24,214+600,214+650,15
km 214+580 - 214+630,2026,Limpieza de Parapetos Veredas de Concreto T2,m2,2025-12-29,137+150,237+155,3.25
km 214+580 - 214+630,2026,Limpieza de carril/pista y bermas T2,m2,2026-01-02,214+600,214+650,100
km 214+580 - 214+630,2026,Limpieza de Deslizamientos Menores < 15 m3 T2,m3,2026-01-05,214+580,214+620,15
km 214+580 - 214+630,2026,Limpieza mecanizada de cabezal de alcantarilla T2,m3,2026-01-09,214+580,214+590,45
km 214+580 - 214+630,2026,Limpieza Manual de Cuneta de Vía T2,ml,2026-01-27,214+610,214+780,170
km 214+580 - 214+630,2026,Limpieza de Juntas en Cunetas y Bermas,ml,2026-01-27,214+610,214+780,96.33333333333333
km 214+580 - 214+630,2026,Desbroce Manual T2,m2,2026-01-30,200+300,220+400,300
km 214+580 - 214+630,2026,Limpieza de carril/pista y bermas T2,m2,2026-02-15,141+000,246+000,220
km 214+580 - 214+630,2026,Desbroce Manual T2,m2,2026-02-16,214+000,215+000,3800
km 214+580 - 214+630,2026,Limpieza mecanizada de cabezal de alcantarilla T2,m3,2026-02-16,214+580,214+600,30
km 214+580 - 214+630,2026,Remocion de Derrumbes T2,m3,2026-03-06,214+580,214+600,120
km 214+580 - 214+630,2026,Limpieza Manual de Cuneta de Vía T2,ml,2026-03-06,214+600,214+700,100
km 214+580 - 214+630,2026,Remocion de Derrumbes T2,m3,2026-03-09,214+580,214+600,60
km 243+700 - 243+730,2018,Limpieza Manual de Cabezal de Alcantarilla T2,ml,2017-12-28,215+280,2215+290,8
km 243+700 - 243+730,2018,Limpieza de Deslizamientos Menores < 15 m3 T2,m3,2018-01-12,243+620,244+640,3
km 243+700 - 243+730,2018,Desbroce Manual T2,m2,2018-02-15,243+500,244+000,3000
km 243+700 - 243+730,2018,Limpieza Mecanizada de Cabezal de Alcantarilla T2,m3,2018-05-04,242+920,243+930,6
km 243+700 - 243+730,2018,Limpieza de Deslizamientos Menores < 15 m3 T2,m3,2018-05-19,243+730,243+740,15
km 243+700 - 243+730,2018,Limpieza de carril/pista y bermas T2,m2,2018-05-31,243+700,243+750,50
km 243+700 - 243+730,2018,Desbroce Manual T2,m2,2018-06-27,243+500,244+000,3000
km 243+700 - 243+730,2018,Limpieza Manual de Cuneta de Vía T2,ml,2018-06-27,243+500,244+000,500
km 243+700 - 243+730,2018,Limpieza de Deslizamientos Menores < 15 m3 T2,m3,2018-06-29,243+700,243+710,14
km 243+700 - 243+730,2018,Limpieza manual de juntas de cuneta de vía,ml,2018-09-29,243+000,243+800,453.3333333333333
km 243+700 - 243+730,2018,Limpieza de carril/pista y bermas T2,m2,2018-10-13,141+000,246+000,576
km 243+700 - 243+730,2018,Limpieza de carril/pista y bermas T2,m2,2018-10-14,141+000,246+000,900
km 243+700 - 243+730,2018,Limpieza manual de juntas de cuneta de vía,ml,2018-11-04,242+800,246+100,3683.3333333333335
km 243+700 - 243+730,2018,Limpieza manual de juntas de cuneta de vía,ml,2018-11-11,243+720,243+800,45.333333333333336
km 243+700 - 243+730,2018,Desbroce Manual T2,m2,2018-11-11,243+720,243+800,80
km 243+700 - 243+730,2018,Limpieza de Deslizamientos Menores < 15 m3 T2,m3,2018-11-21,243+600,243+720,7
km 243+700 - 243+730,2018,Limpieza Manual de Cuneta de Vía T2,ml,2018-12-10,243+000,244+500,1000
km 243+700 - 243+730,2018,Desbroce Manual T2,m2,2018-12-10,243+500,244+500,6000
km 243+700 - 243+730,2018,Limpieza manual de juntas de cuneta de vía,ml,2018-12-10,243+500,244+500,566.6666666666666
km 243+700 - 243+730,2018,Limpieza Manual de Cuneta de Vía T2,ml,2018-12-20,233+200,244+250,50
km 243+700 - 243+730,2019,Limpieza de Deslizamientos Menores < 15 m3 T2,m3,2019-01-17,243+620,243+700,5
km 243+700 - 243+730,2019,Reparación de las Estructuras de Contención (gabión) T2,m3,2019-01-19,237+914,2379+984,1
km 243+700 - 243+730,2019,Limpieza de Barandas Metálicas T2,m2,2019-03-19,207+390,2017+400,20
km 243+700 - 243+730,2019,Limpieza de Postes de Señalización Vertical T2,und,2019-03-19,243+000,245+150,20
km 243+700 - 243+730,2019,Limpieza de Delineador T2,und,2019-03-19,243+650,243+720,6
km 243+700 - 243+730,2019,Limpieza de Guardavías T2,ml,2019-03-19,243+700,244+000,300
km 243+700 - 243+730,2019,Limpieza de Parapetos Veredas de Concreto T2,m2,2019-03-19,243+700,243+740,12
km 243+700 - 243+730,2019,Remocion de Derrumbes T2,m3,2019-03-19,76+980,770+000,300
km 243+700 - 243+730,2019,Desbroce Manual T2,m2,2019-05-22,243+500,245+000,9000
km 243+700 - 243+730,2019,Limpieza de juntas en cunetas y berma,ml,2019-05-22,243+500,245+000,850
km 243+700 - 243+730,2019,Limpieza Manual de Cuneta de Vía T2,ml,2019-05-22,243+500,245+000,1500
km 243+700 - 243+730,2019,Limpieza de Placas de Señalización Vertical T2,m2,2019-05-22,243+500,245+000,6.1875
km 243+700 - 243+730,2019,Limpieza de Placas de Señalización Vertical T2,m2,2019-05-22,243+500,245+000,3.84
km 243+700 - 243+730,2019,Limpieza de juntas en cunetas y berma,ml,2019-07-03,243+600,243+900,170
km 243+700 - 243+730,2019,Limpieza de Placas de Señalización Vertical T2,m2,2019-08-03,242+600,246+000,30.7425
km 243+700 - 243+730,2019,Limpieza de Postes de Señalización Vertical T2,und,2019-08-03,242+600,246+000,49
km 243+700 - 243+730,2019,Limpieza de juntas en cunetas y berma,ml,2019-08-03,242+600,246+000,2266.6666666666665
km 243+700 - 243+730,2019,Limpieza Manual de Cuneta de Vía T2,ml,2019-08-22,116+000,1116+620,150
km 243+700 - 243+730,2019,Limpieza Manual de Cuneta de Vía T2,ml,2019-10-05,243+700,243+800,100
km 243+700 - 243+730,2019,Desbroce Manual T2,m2,2019-10-24,243+300,244+900,9600
km 243+700 - 243+730,2019,Limpieza Manual de Cuneta de Vía T2,ml,2019-10-24,243+300,244+900,1600
km 243+700 - 243+730,2019,Limpieza de juntas en cuneta y berma,ml,2019-10-24,243+300,244+900,906.6666666666666
km 243+700 - 243+730,2019,Limpieza de Postes de Señalización Vertical T2,und,2019-11-06,241+000,244+000,13
km 243+700 - 243+730,2019,Limpieza Manual de Cuneta de Vía T2,ml,2019-11-11,212+180,2122+230,50
km 243+700 - 243+730,2019,Limpieza Manual de Cuneta de Vía T2,ml,2019-11-26,229+000,290+100,100
km 243+700 - 243+730,2019,Limpieza Manual de Cuneta de Vía T2,ml,2019-12-04,243+700,243+800,100
km 243+700 - 243+730,2019,Limpieza Manual de Cuneta de Vía T2,ml,2019-12-17,243+500,243+800,300
km 243+700 - 243+730,2020,Limpieza de Deslizamientos Menores < 15 m3 T2,m3,2019-12-29,64+150,646+160,10
km 243+700 - 243+730,2020,Limpieza Manual de Cuneta de Vía T2,ml,2020-01-07,193+000,913+800,800
km 243+700 - 243+730,2020,Limpieza Manual de Cuneta de Vía T2,ml,2020-01-07,243+100,243+700,600
km 243+700 - 243+730,2020,Reposición de Tachas Reflectivas T2,und,2020-01-23,42+000,434+000,27
km 243+700 - 243+730,2020,Reposición de Tachas Reflectivas T2,und,2020-01-23,42+000,434+000,26
km 243+700 - 243+730,2020,Limpieza de carril/pista y bermas T2,m2,2020-02-01,243+310,243+890,72
km 243+700 - 243+730,2020,Limpieza Manual de Cuneta de Vía T2,ml,2020-02-24,242+100,245+200,200
km 243+700 - 243+730,2020,Desbroce Manual T2,m2,2020-02-27,243+500,243+700,800
km 243+700 - 243+730,2020,Limpieza Manual de Cuneta de Vía T2,ml,2020-02-27,243+500,243+700,200
km 243+700 - 243+730,2020,Limpieza de Juntas en Cuneta y Berma,ml,2020-02-27,243+500,243+700,113.33333333333333
km 243+700 - 243+730,2020,Limpieza Manual de Cuneta de Vía T2,ml,2020-02-27,243+670,243+700,30
km 243+700 - 243+730,2020,Limpieza de Deslizamientos Menores < 15 m3 T2,m3,2020-04-23,243+600,243+720,10
km 243+700 - 243+730,2020,Limpieza de carril/pista y bermas T2,m2,2020-08-15,243+706,243+720,54
km 243+700 - 243+730,2020,Limpieza Manual de Cuneta de Vía T2,ml,2020-09-21,174+519,3174+561,42
km 243+700 - 243+730,2020,Desbroce Manual T2,m2,2020-10-04,243+400,243+900,1500
km 243+700 - 243+730,2020,Limpieza Manual de Cuneta de Vía T2,ml,2020-10-04,243+400,243+900,500
km 243+700 - 243+730,2020,Limpieza de Juntas en Cunetas y Bermas,ml,2020-10-04,243+400,243+900,283.3333333333333
km 243+700 - 243+730,2020,Poda de Árboles T2,m2,2020-10-05,240+764,243+764,600
km 243+700 - 243+730,2020,Limpieza de Deslizamientos Menores < 15 m3 T2,m3,2020-11-17,243+650,243+700,7
km 243+700 - 243+730,2020,Limpieza Manual de Cuneta de Vía T2,ml,2020-11-25,243+640,243+720,80
km 243+700 - 243+730,2020,Limpieza de Juntas en Cunetas y Bermas,ml,2020-11-25,243+640,243+720,17
km 243+700 - 243+730,2020,Limpieza Manual de Cuneta de Vía T2,ml,2020-11-29,243+430,243+940,10
km 243+700 - 243+730,2020,Limpieza de Juntas en Cunetas y Bermas,ml,2020-11-29,243+430,243+940,5.666666666666667
km 243+700 - 243+730,2021,Desbroce Manual T2,m2,2020-12-30,243+720,244+220,1500
km 243+700 - 243+730,2021,Limpieza Manual de Cuneta de Vía T2,ml,2020-12-30,243+720,244+220,500
km 243+700 - 243+730,2021,Limpieza de Juntas en Cunetas y Bermas,ml,2020-12-30,243+720,244+220,283.3333333333333
km 243+700 - 243+730,2021,Desbroce Manual T2,m2,2021-01-28,204+760,2043+840,40
km 243+700 - 243+730,2021,Limpieza mecanizada de cabezal de alcantarilla T2,m3,2021-01-29,228+600,288+700,7
km 243+700 - 243+730,2021,Desbroce Manual T2,m2,2021-03-25,243+470,243+700,276
km 243+700 - 243+730,2021,Limpieza de Parapetos Veredas de Concreto T2,m2,2021-04-13,243+710,243+750,20
km 243+700 - 243+730,2021,Desbroce Manual T2,m2,2021-04-20,243+500,244+000,3000
km 243+700 - 243+730,2021,Limpieza Manual de Cuneta de Vía T2,ml,2021-04-20,243+500,244+000,500
km 243+700 - 243+730,2021,Limpieza de Juntas en Cunetas y Bermas,ml,2021-04-20,243+500,244+000,283.3333333333333
km 243+700 - 243+730,2021,Limpieza de Deslizamientos Menores < 15 m3 T2,m3,2021-05-26,243+260,245+300,15
km 243+700 - 243+730,2021,Limpieza de Deslizamientos Menores < 15 m3 T2,m3,2021-05-26,243+300,244+400,15
km 243+700 - 243+730,2021,Limpieza de Deslizamientos Menores < 15 m3 T2,m3,2021-05-26,243+400,244+500,15
km 243+700 - 243+730,2021,Limpieza de Deslizamientos Menores < 15 m3 T2,m3,2021-05-27,243+650,243+750,15
km 243+700 - 243+730,2021,Limpieza Residuos Solidos / Basuras,m2,2021-06-17,243+700,243+720,80
km 243+700 - 243+730,2021,Reparación de Bache Superficial T2,m2,2021-06-24,243+700,243+720,0.25
km 243+700 - 243+730,2021,Reparación de Bache Superficial T2,m2,2021-06-24,243+700,243+799,0.024
km 243+700 - 243+730,2021,Reposición de Tachas Reflectivas T2,und,2021-06-24,243+700,243+799,15
km 243+700 - 243+730,2021,Limpieza de carril/pista y bermas T2,m2,2021-06-26,242+080,244+100,30
km 243+700 - 243+730,2021,Limpieza de carril/pista y bermas T2,m2,2021-07-10,243+000,244+000,200
km 243+700 - 243+730,2021,Limpieza Manual de Cuneta de Vía T2,ml,2021-08-12,242+000,244+000,2400
km 243+700 - 243+730,2021,Limpieza de Juntas en Cunetas y Bermas,ml,2021-08-12,242+000,244+000,1360
km 243+700 - 243+730,2021,Limpieza Residuos Solidos / Basuras,m2,2021-08-12,242+600,244+000,60
km 243+700 - 243+730,2021,Desbroce Manual T2,m2,2021-08-12,243+000,244+000,6000
km 243+700 - 243+730,2021,Limpieza Manual de Cuneta de Vía T2,ml,2021-09-23,243+500,244+000,500
km 243+700 - 243+730,2021,Limpieza de Juntas en Cunetas y Bermas,ml,2021-09-23,243+500,244+000,283.3333333333333
km 243+700 - 243+730,2021,Repintado de Parapetos Muros T2,m2,2021-10-15,243+721,243+751,12.100000000000001
km 243+700 - 243+730,2021,Limpieza Residuos Sólidos / Basuras,m2,2021-10-25,243+000,244+000,100
km 243+700 - 243+730,2021,Repintado de Parapetos Muros T2,m2,2021-11-17,243+718,243+763,1.1
km 243+700 - 243+730,2022,Pintura Chevron Guarda Vías T2,m2,2022-01-04,235+130,245+260,1.5
km 243+700 - 243+730,2022,Repintado de Parapetos Muros T2,m2,2022-01-05,144+167,244+180,7.8
km 243+700 - 243+730,2022,Limpieza de Deslizamientos Menores < 15 m3 T2,m3,2022-01-07,243+600,243+700,15
km 243+700 - 243+730,2022,Limpieza Manual de Cuneta de Vía T2,ml,2022-01-07,243+600,243+890,390
km 243+700 - 243+730,2022,Desbroce Manual T2,m2,2022-02-03,243+000,244+000,6000
km 243+700 - 243+730,2022,Limpieza Manual de Cuneta de Vía T2,ml,2022-02-03,243+000,244+000,1000
km 243+700 - 243+730,2022,Limpieza de Juntas en Cunetas y Bermas,ml,2022-02-03,243+000,244+000,566.6666666666666
km 243+700 - 243+730,2022,Limpieza Residuos Sólidos / Basuras,m2,2022-02-03,243+500,244+000,260
km 243+700 - 243+730,2022,Limpieza de Deslizamientos Menores < 15 m3 T2,m3,2022-04-28,243+600,243+800,15
km 243+700 - 243+730,2022,Desbroce Manual T2,m2,2022-05-04,243+500,244+000,3000
km 243+700 - 243+730,2022,Limpieza Manual de Cuneta de Vía T2,ml,2022-05-04,243+500,244+000,500
km 243+700 - 243+730,2022,Limpieza de Placas de Señalización Vertical T2,m2,2022-05-04,243+500,246+100,19.6875
km 243+700 - 243+730,2022,Limpieza de Placas de Señalización Vertical T2,m2,2022-05-04,243+500,246+100,5.76
km 243+700 - 243+730,2022,Limpieza de Juntas en Cunetas y Bermas,ml,2022-05-04,243+500,244+000,283.3333333333333
km 243+700 - 243+730,2022,Limpieza de Guardavías T2,ml,2022-05-12,243+710,243+755,45
km 243+700 - 243+730,2022,Limpieza Manual de Cuneta de Vía T2,ml,2022-09-24,243+640,243+780,140
km 243+700 - 243+730,2022,Poda de Árboles T2,m2,2022-10-07,243+600,243+900,1500
km 243+700 - 243+730,2022,Limpieza de carril/pista y bermas T2,m2,2022-10-28,243+000,244+000,300
km 243+700 - 243+730,2022,Limpieza Manual de Cuneta de Vía T2,ml,2022-11-05,243+700,243+710,10
km 243+700 - 243+730,2022,Limpieza Manual de Cuneta de Vía T2,ml,2022-11-05,243+730,243+735,10
km 243+700 - 243+730,2022,Limpieza de Deslizamientos Menores < 15 m3 T2,m3,2022-11-07,243+640,243+735,14
km 243+700 - 243+730,2022,Reposición de Cuneta,ml,2022-11-07,243+700,243+740,6
km 243+700 - 243+730,2022,Reposición de Cuneta,ml,2022-11-07,243+730,243+735,3
km 243+700 - 243+730,2022,Reposición de Cuneta,ml,2022-11-08,243+700,243+710,3
km 243+700 - 243+730,2022,Reposición de Cuneta,ml,2022-11-08,243+730,243+735,3
km 243+700 - 243+730,2023,Limpieza Manual de Cuneta de Vía T2,ml,2023-01-06,152+700,1528+000,100
km 243+700 - 243+730,2023,Limpieza de Juntas en Cunetas y Bermas,ml,2023-01-06,152+700,1528+000,56.666666666666664
km 243+700 - 243+730,2023,Limpieza Manual de Cuneta de Vía T2,ml,2023-01-28,243+700,243+720,20
km 243+700 - 243+730,2023,Limpieza de Parapetos Veredas de Concreto T2,m2,2023-04-19,243+710,243+750,7.700000000000001
km 243+700 - 243+730,2023,Reposición de Delineador T2,und,2023-04-26,243+663,243+704,5
km 243+700 - 243+730,2023,Limpieza Manual de Cuneta de Vía T2,ml,2023-05-02,178+500,1749+700,200
km 243+700 - 243+730,2023,Limpieza Manual de Cabezal de Alcantarilla T2,ml,2023-05-03,240+360,340+365,12
km 243+700 - 243+730,2023,Limpieza de Obstaculos - Derecho de Vía,m2,2023-07-07,243+600,243+810,210
km 243+700 - 243+730,2023,Limpieza Manual de Cuneta de Vía T2,ml,2023-07-19,243+620,243+720,100
km 243+700 - 243+730,2023,Limpieza de Superfície de Concreto y Dispos. Drenaje T2,ml,2023-07-19,243+700,243+750,60
km 243+700 - 243+730,2023,Limpieza de carril/pista y bermas T2,m2,2023-07-19,243+700,243+750,50
km 243+700 - 243+730,2023,Pintura Chevron Guarda Vías T2,m2,2023-08-30,224+000,244+096,9.600000000000001
km 243+700 - 243+730,2023,Limpieza de carril/pista y bermas T2,m2,2023-09-19,243+640,243+700,10
km 243+700 - 243+730,2023,Limpieza Manual de Cabezal de Alcantarilla T2,ml,2023-10-26,153+610,1536+120,10
km 243+700 - 243+730,2023,Limpieza de carril/pista y bermas T2,m2,2023-10-27,243+690,243+700,50
km 243+700 - 243+730,2023,Limpieza Residuos Sólidos / Basuras,m2,2023-10-31,169+220,2169+320,20
km 243+700 - 243+730,2024,Desbroce Manual T2,m2,2024-01-23,243+500,244+400,900
km 243+700 - 243+730,2024,Limpieza Manual de Cuneta de Vía T2,ml,2024-01-23,243+500,244+400,900
km 243+700 - 243+730,2024,Limpieza de Juntas en Cunetas y Bermas,ml,2024-01-23,243+500,244+400,510
km 243+700 - 243+730,2024,Reposición de Delineador T2,und,2024-02-29,243+680,243+700,3
km 243+700 - 243+730,2024,Remocion de Derrumbes T2,m3,2024-03-11,243+700,243+730,120
km 243+700 - 243+730,2024,Limpieza Manual de Cuneta de Vía T2,ml,2024-03-11,94+730,947+776,99
km 243+700 - 243+730,2024,Remocion de Derrumbes T2,m3,2024-03-12,243+700,243+730,30
km 243+700 - 243+730,2024,Limpieza de carril/pista y bermas T2,m2,2024-03-27,243+700,243+730,120
km 243+700 - 243+730,2024,Desbroce Manual T2,m2,2024-05-21,243+000,243+800,6500
km 243+700 - 243+730,2024,Limpieza Manual de Cuneta de Vía T2,ml,2024-05-21,243+000,243+800,1000
km 243+700 - 243+730,2024,Limpieza de Juntas en Cunetas y Bermas,#N/A,2024-05-21,243+000,243+800,566.6666666666666
km 243+700 - 243+730,2024,Poda de Árboles T2,m2,2024-05-21,243+700,243+800,300
km 243+700 - 243+730,2024,Limpieza de Parapetos Veredas de Concreto T2,m2,2024-05-25,243+705,243+730,4
km 243+700 - 243+730,2024,Limpieza de Guardavías T2,ml,2024-05-25,243+730,243+740,10
km 243+700 - 243+730,2024,Limpieza Manual de Cuneta de Vía T2,ml,2024-06-15,141+000,246+000,450
km 243+700 - 243+730,2024,Desbroce Manual T2,m2,2024-07-02,224+100,244+170,250
km 243+700 - 243+730,2024,Limpieza de Deslizamientos Menores < 15 m3 T2,m3,2024-07-03,224+000,244+100,15
km 243+700 - 243+730,2024,Limpieza Manual de Cuneta de Vía T2,ml,2024-07-09,243+600,243+700,100
km 243+700 - 243+730,2024,Limpieza de Delineador T2,und,2024-07-09,243+650,243+700,5
km 243+700 - 243+730,2024,Limpieza Manual de Cuneta de Vía T2,ml,2024-07-15,240+995,244+150,100
km 243+700 - 243+730,2025,Limpieza Manual de Cuneta de Vía T2,ml,2025-02-27,143+000,243+900,900
km 243+700 - 243+730,2025,Limpieza de Juntas en Cunetas y Bermas,ml,2025-02-27,143+000,243+900,510
km 243+700 - 243+730,2025,Desbroce Manual T2,m2,2025-02-27,243+000,243+900,6000
km 243+700 - 243+730,2025,Limpieza de Deslizamientos Menores < 15 m3 T2,m3,2025-02-28,243+660,243+700,15
km 243+700 - 243+730,2025,Remocion de Derrumbes T2,m3,2025-03-06,243+660,243+700,210
km 243+700 - 243+730,2025,Remocion de Derrumbes T2,m3,2025-03-07,243+660,243+700,90
km 243+700 - 243+730,2025,Limpieza Manual de Cuneta de Vía T2,ml,2025-03-12,243+700,245+730,130
km 243+700 - 243+730,2025,Reparación de las Estructuras de Contención (gabión) T2,m3,2025-04-25,243+300,245+400,0.1
km 243+700 - 243+730,2025,Limpieza de carril/pista y bermas T2,m2,2025-04-28,243+690,243+700,10
km 243+700 - 243+730,2025,Desbroce Manual T2,m2,2025-05-22,243+700,244+000,2000
km 243+700 - 243+730,2025,Limpieza Manual de Cuneta de Vía T2,ml,2025-05-22,243+700,244+000,300
km 243+700 - 243+730,2025,Limpieza de Juntas en Cunetas y Bermas,ml,2025-05-22,243+700,244+000,170
km 243+700 - 243+730,2025,Limpieza Manual de Cuneta de Vía T2,ml,2025-08-27,243+700,243+720,20
km 243+700 - 243+730,2025,Limpieza de Juntas en Cunetas y Bermas,ml,2025-08-27,243+700,243+720,11.333333333333334
km 243+700 - 243+730,2025,Limpieza de Cajas de Inspección Subdren T2,und,2025-08-27,243+700,243+720,1
km 243+700 - 243+730,2025,Limpieza de carril/pista y bermas T2,m2,2025-09-13,243+700,243+720,800
km 243+700 - 243+730,2025,Limpieza de Guardavías T2,ml,2025-09-30,224+000,244+035,35
km 243+700 - 243+730,2025,Limpieza de carril/pista y bermas T2,m2,2025-10-07,243+650,243+710,150
km 243+700 - 243+730,2025,Limpieza de Deslizamientos Menores < 15 m3 T2,m3,2025-10-08,224+270,244+290,15
km 243+700 - 243+730,2025,Limpieza de Deslizamientos Menores < 15 m3 T2,m3,2025-10-13,243+600,243+750,15
km 243+700 - 243+730,2025,Limpieza Manual de Cuneta de Vía T2,ml,2025-10-13,243+600,243+800,200
km 243+700 - 243+730,2025,Limpieza de carril/pista y bermas T2,m2,2025-10-29,214+400,244+500,150
km 243+700 - 243+730,2025,Limpieza de Guardavías T2,ml,2025-11-05,145+155,245+180,25
km 243+700 - 243+730,2025,Limpieza de Parapetos Veredas de Concreto T2,m2,2025-11-05,145+200,245+230,15
km 243+700 - 243+730,2025,Desbroce Manual T2,m2,2025-11-06,243+200,243+900,4200
km 243+700 - 243+730,2025,Limpieza Manual de Cuneta de Vía T2,ml,2025-11-06,243+660,243+700,40
km 243+700 - 243+730,2025,Limpieza de Juntas en Cunetas y Bermas,ml,2025-11-06,243+660,243+700,22.666666666666668
km 243+700 - 243+730,2025,Limpieza Manual de Cuneta de Vía T2,ml,2025-12-17,234+800,243+890,90
km 243+700 - 243+730,2026,Desbroce Manual T2,m2,2025-12-23,243+700,243+800,600
km 243+700 - 243+730,2026,Limpieza de Parapetos Veredas de Concreto T2,m2,2025-12-30,243+710,243+760,32.5
km 243+700 - 243+730,2026,Reposición de Tachas Reflectivas T2,und,2026-01-27,243+700,244+100,18
km 243+700 - 243+730,2026,Limpieza Manual de Cuneta de Vía T2,ml,2026-02-03,243+600,243+700,100
km 243+700 - 243+730,2026,Desbroce Manual T2,m2,2026-02-10,243+000,244+000,8000
km 243+700 - 243+730,2026,Limpieza Manual de Cuneta de Vía T2,ml,2026-02-10,243+000,244+000,1000
km 243+700 - 243+730,2026,Limpieza de Juntas en Cunetas y Bermas,ml,2026-02-10,243+000,244+000,566.6666666666666
km 243+700 - 243+730,2026,Limpieza de carril/pista y bermas T2,m2,2026-02-15,141+000,246+000,220
km 243+700 - 243+730,2026,Limpieza de Deslizamientos Menores < 15 m3 T2,m3,2026-02-24,241+580,244+600,14
km 243+700 - 243+730,2026,Desbroce Manual T2,m2,2026-03-17,234+000,245+000,6000
